,כותרת,שם כותבת,הטקסט,,קטגוריה,רגש,ציטוט 1,קטגוריות ציטוט 1,רגש 1,ציטוט 2,קטגוריות ציטוט 2,רגש 2,ציטוט 3,קטגוריות ציטוט 3,רגש 3,ציטוט 4,קטגוריות ציטוט 4,רגש 4,ציטוט 5,קטגוריות ציטוט 5,רגש 5,ציטוט 6,קטגוריות ציטוט 6,רגש 6,ציטוט 7,קטגוריות ציטוט 7,רגש 7,ציטוט 8,,רגש 8,ציטוט 9,,רגש 9,ציטוט 10,,
1,ללא כותרת,צפנת בוהדנה,"<קטגוריה: זוגיות>איך נצליח לחזור לדבר?<קטגוריה: זוגיות/>
האם כשבחדשות יגידו מה הצפי למלחמה בצפון אצליח לשמוע מה הצפי
<קטגוריה: נפש>או אמשיך לשמוע את <רגש: בדידות>אימת הלבד<רגש: בדידות/><קטגוריה: נפש/>
בין החדרים בלילה
אף פעם בלי מספיק ידיים
בין החדרים בבוקר
<רגש: עייפות>מנסה לא להשאיר מטלות לאחר הצהריים<רגש: עייפות/>
בין החדרים של הלב אחרי ההרדמות כשאתה לא
זמין
בקו האש
<קטגוריה: נפש>וכל התרחישים באים לפני לאחל לי ליל מנוחה<קטגוריה: נפש/>
מה הצפי
לחזור לשמוע
את הצפי
<קטגוריה: זוגיות>לחזור לדבר איתך בלי שפתאום תלך לעוד רבע שנה
<רגש: בדידות>ותשאיר אותי ללמוד את החיים שעשינו בזוג
לבד<רגש: בדידות/><קטגוריה: זוגיות/>
<רגש: עייפות>בלי מספיק ידיים
עם יותר מדי חדרים<רגש: עייפות/>",,"נפש
זוגיות
","בדידות
עייפות
","תשאיר אותי ללמוד את החיים שעשינו בזוג לבד
",זוגיות,בדידות,בלי מספיק ידיים עם יותר מדי חדרים,גוף,עייפות,לחזור לדבר איתך בלי שפתאום תלך לעוד רבע שנה,זוגיות,תסכול,אמשיך לשמוע את אימת הלבד,נפש,בדידות,,,,,,,,,,,,,,,,,,
2,ללא כותרת,חנה אזולאי,"<קטגוריה:זוגיות>אני מנסה לא לדבר איתך<קטגוריה:זוגיות/>
<רגש:עייפות><רגש:בדידות>לא לשתף בלילות תת-קרקעיים
מסועפים, מעייפים
מכדי להחזיק לבד.<רגש:בדידות/><רגש:עייפות/>

<קטגוריה:נפש>הימים נמתחים מקצה
סגירת הדלת אחריך
ועד לחיצת ידך על הידית
שמשיבה אותנו למקומנו לימים
בודדים ומערערת מחדש
את הכל.<קטגוריה:נפש/>

היינו במיון, פעמיים. הדוד
שוב קיצר ויש רטיבות
חדשה על הקיר ליד
האמבטיה.
<קטגוריה:ילדים>הבן שלנו אמר לי שכל
""הותר לפרסום"" לא
עוזב אותו<קטגוריה:ילדים/>

והספל שקניתי לך ליום
הולדת ארבעים עם ""מודה אני"" של
מאיר אריאל נשבר
כששטפתי כלים.

<קטגוריה:זוגיות>מאה ואחד עשר ימים אני
מספרת לך הכל במחשבות
שלי. <רגש:תסכול>איך אחזור לדבר איתך
שוב?<רגש:תסכול/><קטגוריה:זוגיות/>",111,"נפש
זוגיות
ילדים","בדידות
עייפות
תסכול","לא לשתף בלילות תת-קרקעיים מסועפים, מעייפים מכדי להחזיק לבד",זוגיות,"בדידות
עייפות",איך אחזור לדבר איתך שוב?,זוגיות,תסכול,"הבן שלנו אמר לי שכל ""הותר לפרסום"" לא עוזב אותו",ילדים,תסכול,,,,,,,,,,,,,,,,,,,,,
3,ללא כותרת,מיטל קטבן דויטץ,"277 ימים.
לפעמים אני צריכה להיכנס לאתרי החדשות כדי לראות את המספר המדוייק
שהפך להיות חלק מהחיים שלנו.

277 ימים מהבוקר בו הוא בחר לצאת.
מהיום בו כתב לי שלא יהיה זמין.
משיחת הטלפון מהטיפול נמרץ במקום בו אני עובדת.
מהמשפט: מדברת יוליה מטיפול נמרץ, אברהם פה לידי,
הוא מבקש שתבואי.

<קטגוריה: נפש>מההבנה שלי מה זה טלפון מטיפול נמרץ.
<רגש: פחד>מהפחד שהוא מת.<רגש: פחד/><קטגוריה: נפש/>
מלחפש מישהו שייתן לי לדבר איתו.
<רגש: פחד>מחבר שלוקח אותי באוטו אליו כשברקע הרעש המפחיד של
תחילת מלחמה.<רגש: פחד/>

מלהגיע לסורוקה ולמצוא אותו פצוע קשה מאוד.
חי.
כאוב.
לא מרגיש את הרגליים.
חי.
בקושי מזיז את הידיים.
חי.

ומאז, <רגש: עייפות>כבר 277 ימים של סרט נע.<רגש: עייפות/>
ניתוח.
מעבר לשיקום אחרי כמה ימים.

תמימות שחשבתי שעוד מעט נצא על הרגליים.
פיזיותרפיה וריפוי בעיסוק.
שיחות עם רופאים, אחיות ועו״ס.
<קטגוריה: ילדים>למצוא סידור לילדים, ובמשך חודש כמעט לא לראות אותם.<קטגוריה: ילדים/>

לחזור איתם הביתה, ולהיקרע בין הרצון להיות איתו ואיתם.
למצוא פתרונות שהלב יכול להכיל.
<קטגוריה: ילדים>לנסוע אליו ולחשוב עליהם.<קטגוריה: ילדים/> <קטגוריה: זוגיות>להיות איתם ולחשוב עליו.<קטגוריה: זוגיות/>
<רגש: תסכול>לראות את בן הזוג החזק הזה שלי שתמיד היה מסוגל להכל,
פתאום לא יכול כל כך הרבה דברים.<רגש: תסכול/>

<רגש: עוצמה>לגלות בעצמי כוחות שבחיים לא הייתי מגלה.<רגש: עוצמה/>
<קטגוריה: זוגיות>לגלות בזוגיות שלנו עוצמות שלפעמים לא מגלים גם אחרי 50 שנות נישואים.<קטגוריה: זוגיות/>
<קטגוריה: תעסוקה>לקחת הפסקה מהעבודה<קטגוריה: תעסוקה/> ולהיות מכוונת בלי הפסקה אליו ואל הילדים.

להקים קבוצת חברות חדשות, אחיות בנפש,
שלכולן גורל משותף של פציעת בן זוג במלחמה הזאת.
למצוא את המקום שלי.
לדעת לבקש.
לדעת לקבל עזרה.
ללמוד עם הזמן לחזור קצת גם לתת.

לשמוח על כל שיפור קטן.
לנשום עמוק כשהרופאים לא ממש אופטימיים. להיאחז במה שכן.

להודות כל רגע שהוא פה. לידי.
ללמוד לחיות עם הפציעה.
לבחור לעשות מהלימון לימונדה, ולפעמים לשטוף פנים
אחרי שהלימון משפריץ חזק לעיניים.

<רגש: עוצמה>לבחור כל יום מחדש לקום בחיוך.<רגש: עוצמה/>
<רגש: חמלה>לחבק את הימים שאני קמה בבכי.<רגש: חמלה/>
<רגש: חמלה>להרשות לעצמי להתפרק.<רגש: חמלה/>
<רגש: עוצמה>לאסוף את עצמי בחזרה.<רגש: עוצמה/>

<קטגוריה: זוגיות><רגש: אהבה>לחזור להישען עליו.<רגש: אהבה/><קטגוריה: זוגיות/>
<רגש: תקווה>לחזור לתת לו תקווה.<רגש: תקווה/>
ללמוד
כל יום מחדש.
צעד צעד (או במקרה שלנו- גלגל גלגל)

277 ימים.
מי שהיינו, מי שאנחנו עכשיו, מי שנהיה.",277,"נפש
זוגיות
ילדים
תעסוקה","עוצמה
חמלה
תקווה
פחד
אהבה
תסכול
עייפות",מהפחד שהוא מת,נפש,פחד,כשברקע הרעש המפחיד של תחילת מלחמה,"ילדים
זוגיות",פחד,לראות את בן הזוג החזק הזה שלי שתמיד היה מסוגל להכל פתאום לא יכול כל כך הרבה דברים,זוגיות,תסכול,לגלות בעצמי כוחות שבחיים לא הייתי מגלה,תעסוקה,עוצמה,לבחור כל יום מחדש לקום בחיוך,זוגיות,עוצמה,להרשות לעצמי להתפרק,נפש,חמלה,לאסוף את עצמי בחזרה,נפש,עוצמה,לחזור להישען עליו,,אהבה,לחזור לתת לו תקווה,,תקווה,כבר 277 ימים של סרט נע,,עייפות
4,ללא כותרת, יעל שרבי הורביץ,"<קטגוריה: נפש><רגש: פחד>בוודאי שחשבתי על הגרוע מכל<רגש: פחד/><קטגוריה: נפש/>
דמיינתי אותו אלפי פעמים
אתה לא באמת רוצה לדעת
<רגש: פחד>איך הכנתי את עצמי נפשית לדפיקה בדלת<רגש: פחד/>
לחברים שבאים אבל אף אחד לא אומר את המילים הנכונות
<קטגוריה: ילדים>לשיחה קשה מנשוא עם הילדים<קטגוריה: ילדים/>
להדוף הררי אנשים עם כוונות טובות וטקט מינימלי
למשפחה שלא יודעת איך להרים עכשיו את הראש
<קטגוריה: זוגיות>לגעגוע שגורם לתקופה שעכשיו להיראות כמו קייטנה<קטגוריה: זוגיות/>
יש גם עוד סיטואציות, קצת פחות קיצוניות
שגם אליהם אני מעדיפה לא להגיע בהפתעה גמורה
זאת אומרת בכלל
למיטת בית חולים
חדר ניתוח
מכון פיזיותרפיה
הבנת את הקונספט
יש לי מחשבה כזאת
שאם תהיה לי תכנית התמודדות
זה לא יקרה
במציאות",,"נפש
זוגיות
ילדים
",פחד,בוודאי שחשבתי על הגרוע מכל,נפש,פחד,איך הכנתי את עצמי נפשית לדפיקה בדלת,נפש,פחד,,ילדים,,,,,,,,,,,,,,,,,,,,,,
5,ללא כותרת,אביגיל אסייג,"<קטגוריה: נפש>כשבעלי במילואים אין אותי<קטגוריה: נפש/>
אם קמתי בבוקר וארגנתי את הילדים בנחת אז אפשר לומר שזו הצלחה ענקית
גם אם אני מבלה חצי מהיום בנטפליקס

<קטגוריה: גוף>כשבעלי במילואים אני לא אוכלת
זאת אומרת, כן, אני ואכלת, אבל בעיקר שטויות
כי בשביל מה לבשל אוכל נורמלי? גם ככה הילדים אוכלים במסגרות<קטגוריה: גוף/>

<קטגוריה: גוף>כשבעלי במילואים אני לא ישנה
לא בשעות נורמליות
כי אני מנסה להתעייף ממש כדי שאוכל להירדם ממש מהר,
בלי שהמוח יתחיל לעבוד על טורבו ברגע שאני מניחה את הראש שלי
על הכרית.
אבל אז <רגש: עייפות>אני סוחבת עייפות לכל היום
ואמא עייפה היא אמא עצבנית<רגש: עייפות/>.<קטגוריה: גוף/>

<קטגוריה: תעסוקה>כשבעלי במילואים אני לא עובדת
כאילו עובדת קצת, ממש מינימום
נותנת מענה ללקוחות, מוציאה כמה תוכניות דחופות.
וברור שיש השלכות על העסק ועל ההכנסות (לא מדברים על זה מספיק)<קטגוריה: תעסוקה/>

ימים שבהם אני צריכה לצאת מהבית ולפגוש אנשים הם ההיילייט של השבוע שלי
כי יש לי סיבה להתלבש כמו שצריך ולהתאפר קצת
ולשים גם חיוך על הפנים

<קטגוריה: זוגיות><רגש: אהבה>כשבעלי במילואים הגעגוע הורג אותי<רגש: אהבה/>.
מצד שני הבית יותר מסודר, וזה מוזר.
בעיקר כי בעלי הוא זה שעושה הכל בבית
אני פה רק כדי להראות יפה ולבשל, כי כפרעליו לא יודע להכין חביתה.<קטגוריה: זוגיות/>

הוא זה שמפעיל כביסות ותולה אותן (אני מעבירה למייבש אחרי יומיים)
<קטגוריה: ילדים>הוא זה שקורא סיפור לילדים ומשכיב אותם לישון<קטגוריה: ילדים/>
(אני רק נותנת נשיקה וחיבוק ולילה טוב)
הוא זה שמוציא את הפלטה של שבת (זה ממש כבד!),
מוציא נייר טואלט לשירותים (כי החבילה גבוהה לי )
הוא זה ששוטף את החדרים והוא זה שמטאטא את החצר
כשהעץ מנשיר את העלים ומשקה את הצמחים.
הוא זה שמוציא פיתות מהמקפיא ערב קודם ושם בשקית כדי שיהיה לי קל יותר בבוקר
הוא זה שמתקשר אלי כל בוקר להעיר אותי ולומר לי בוקר טוב,
כי גם בשגרה הוא יוצא לפני 6 בבוקר
הוא זה שתומך, מעודד, משמח, נמצא
<קטגוריה: זוגיות>והתמונה היומית שאנחנו שולחים אחד לשני היא רק חיקוי חיוור
לקשר אמיתי.<קטגוריה: זוגיות/>

ואז נכנסים רגשות האשם – 
מה את בוכה כפרה? יש נשים שזה הסבב השלישי שלהן
הבעלים שלהן במקומות מסוכנים (ב""ה בעלי יחסית בטוח)
יש נשים שמחזיקות את הכל על הכתפיים שלהן והן ממשיכות כרגיל.

אז נכון שיש בי את הצד הזה גם
<רגש: חמלה>אבל מסתבר שיש מספיק כאב וגעגוע לכולם.<רגש: חמלה/>
וכשמקבלים אכזבות ובשורות קשות <רגש: תסכול>ואני רק רוצה להתפרק – 
אי אפשר, כי אין מי שיתפוס אותי.<רגש: תסכול/>

<קטגוריה: גוף><רגש: עייפות>לתפקד?
במינימום
השאר יחכה עד שהוא יחזור<רגש: עייפות/><קטגוריה: גוף/>

<קטגוריה: זוגיות><רגש: אהבה>וכדאי שתחזור מהר, אהוב ליבי, כי התרגלתי לישון באלכסון<רגש: אהבה/><קטגוריה: זוגיות/>
",,"נפש
גוף
זוגיות
ילדים
תעסוקה","אהבה
חמלה
עייפות
תסכול",אבל מסתבר שיש מספיק כאב וגעגוע לכולם,נפש,חמלה,כשבעלי במילואים הגעגוע הורג אותי,גוף,אהבה,אני סוחבת עייפות לכל היום ואמא עייפה היא אמא עצבנית,גוף,עייפות,לתפקד? במינימום השאר יחכה עד שהוא יחזור,תעסוקה,עייפות,"ואני רק רוצה להתפרק – אי אפשר, כי אין מי שיתפוס אותי",זוגיות,תסכול,,זוגיות,,,,,,,,,,,,,
6,בחזית העורף,טלי סנדרו איילון,"אני לא בחזית
אין רובה או אפוד,
אני לא במדים,
לא נותנים לי פקודות,
חוץ ממי שממש ממש חייבים -
הילדים העבודה,
בית הספר, חוגים.

<קטגוריה: ילדים>אני לא בתפקיד מטכ""לי,
כך נראה,
חוץ מאמא ואבא
במשרה מלאה,<קטגוריה: ילדים/>
פלוס נהגת בכירה,
גם מורה, מנקה,
צוות בידור,
ראש מדור הדחקה,
מבשלת ראשית
(גם עושה משלוחים),
מטפלת רגשית,
מרוקנת פחים,
מרדימה את כולם
ונשארת ערה,
כי בלילה בשקט
לא נותרת ברירה -

אין כבר מה לתקתק,
אין לאן להסיע,
<קטגוריה: נפש>וכשהבית דומם
אז הפחד מגיע.<קטגוריה: נפש/>
אני נועלת דלתות
וגם זה לא עוזר,
<רגש: בדידות>בשעות הקטנות
אין עם מי לדבר<רגש: בדידות/>
(אם לא מחשיבים
שיח עם המקרר).
וקַר לי עכשיו
וקודר פה בחורף.
<רגש: תסכול>אני לא בחזית,
רק ההיא מהעורף.<רגש: תסכול/>

<קטגוריה: גוף>ויש לי שמיכה וכרית,
לא שק""ש
אבל אפילו איתם
אני לא נרדמת ממש<קטגוריה: גוף/>
אני לא בלחימה
לא באוהל, בקור
המיטה די רכה
וכיביתי את האור
<קטגוריה: זוגיות>אבל אין לי
אותך
אז אין לי שינה,<קטגוריה: זוגיות/>
<רגש: תסכול>ויותר מהכל
אין לי שום הבנה.<רגש: תסכול/>

השלטים מכל עבר
מצהירים בענק:
ביחד ננצח,
העורף חזק
<רגש: עייפות>רק שהעורף - עייף
וה""ביחד"" - מזייף<רגש: עייפות/>
<קטגוריה: נפש>לא נושמת סדיר
שבועות לפחות,
הכדורים באוויר,
הזרועות נמתחות,
מתארכות, נמשכות
עד לסף שיגעון,
<רגש: עוצמה>כי בבית - אני
רצועת הביטחון.<רגש: עוצמה/><קטגוריה: נפש/>

<רגש: תסכול>אז תפקחו את העיניים
תחפשו את המבט
תספרו גם אותנו,
כל אחת ואחת,
רווקות, נשואות,
כן או לא אימהות
<רגש: גאווה>אנחנו לא בחזית,
אבל כל כך נלחמות.<רגש: גאווה/><רגש: תסכול/>",,"נפש
גוף
זוגיות
ילדים","עייפות
בדידות
תסכול
עוצמה
גאווה","רק שהעורף - עייף וה""ביחד"" - מזייף",נפש,עייפות,בשעות הקטנות אין עם מי לדבר,גוף,בדידות,אנחנו לא בחזית אבל כל כך נלחמות,"גוף
","תסכול
גאווה",ויותר מהכל אין לי שום הבנה,נפש,תסכול,אני לא בחזית רק ההיא מהעורף,"זוגיות
גוף",תסכול,כי בבית - אני רצועת הביטחון,,עוצמה,,,,,,,,,,,,
7,ללא כותרת,תמר שלם,"<קטגוריה: נפש><רגש: בדידות>הכי לבד<רגש: בדידות/><קטגוריה: נפש/>
ידעתי שנהרגו 4 חיילים בלילה. לפעמים בטלפון של הבוקר,
אני שומעת בקול של יוסי שקרה משהו עוד לפני שהוא מספר,
ולפעמים זה כבר פורסם ב ynet.

מדהים שהתרגלתי למציאות העקומה הזו.
<קטגוריה: זוגיות>יומיים או שלושה בשבוע הוא לא נמצא.<קטגוריה: זוגיות/>
גבר בן 50, שישן (בעיקר לא) במיטת שדה בבסיס אי שם.

הוא מנסה להסתיר אבל אני יודעת עם מה הוא מתעסק בחמל של האוגדה הדרומית שלו.
וזה לא מעט סידורי מוות.
<קטגוריה: זוגיות>היינו אמורים להיות רגילים לזה, הוא ואני, אבל עשרות ימי מילואים בשנה,
לא יכולים להכין אף אחד למלחמה האיומה הזו.<קטגוריה: זוגיות/>

אי אפשר להבין איך בבוקר חג, מקפיצים אדם ושוכחים להחזיר.

<קטגוריה: נפש>האמת היא שזו לא התרגלות, זו התנתקות. כדי לתפקד, או לא להרגיש
או שניהם.<קטגוריה: נפש/>
בהתחלה, הייתי עסוקה בנס שקרה לנו.
שכנעתי את עצמי שאני מוכנה לוותר על הכל.
<קטגוריה: ילדים>העיקר שהדר לא היתה בבסיס שלה ברעים בבוקר האין חג ההוא.
קיבלנו אותה במתנה אמרתי ליוסי. לא חטפו אותה לא אנסו ולא רצחו.<קטגוריה: ילדים/>
עם כל השאר נתמודד.

<קטגוריה: נפש>כאילו זה שלא קרה אסון נורא, מוחק את הקשיים שמגיעים אחר כך.<קטגוריה: נפש/>

<רגש: תסכול>ואז הימים התארכו לשבועות בלי שום אור בקצה,<רגש: תסכול/>
<קטגוריה: ילדים>ואלעד היה חייב לשבור את הרגל. ואני, הכירורגית הגדולה,
התעקשתי במשך כמה ימים שזה נקע,<קטגוריה: ילדים/>
הבנתי שזו לא עוד תקופת מילואים,
ושאני חייבת ללמוד איך לתפקד ממש בתוך האי ידיעה הבלתי נגמרת הזו.

<רגש: תסכול><קטגוריה: תעסוקה>כשקולגה נחמדה במיוחד, במסווה של עזרה העמיסה עלי,
ועוד אמרה שאני מגזימה ו״לא כולם מגיבים ככה״,<קטגוריה: תעסוקה/>
הבנתי את עומק השבר.<רגש: תסכול/>
<קטגוריה: נפש><רגש: בדידות>בסוף, זה הכי לבד.<רגש: בדידות/><קטגוריה: נפש/>
אולי באמת אי אפשר לצפות ממי שלא עובר את אותם הדברים להבנה, ואולי כן.
<רגש: בדידות>בכל מקרה זה לבד.<רגש: בדידות/> <רגש: עוצמה>ולימדתי את עצמי להתקשח ולתפקד.<רגש: עוצמה/>

<רגש: תסכול>אבל בערב החג, כשהייתי צריכה לעצור ולחשב כמה חגים כבר עברו מאז, זה היה יותר מידי.<רגש: תסכול/>
השלט הענק בכיכר המרכזית של העיר, שעוד חושב שביחד ננצח,
המעצר האלים של ד״ר אודי בהרב שניסה לטפל בפצועה,
העברת חוק לילי שמאפשר השתמטות של צעירים בריאים,
שחרור חטופים ומוות של מפקד, סיקור פולשני ללא הפסקה של כל מה שקשור בזה,
<קטגוריה: ילדים>הצו הראשון של אלעד שהיה עסוק רק בזה שלא יורידו לו פרופיל בגלל
הרגל ששבר,<קטגוריה: ילדים/>
<קטגוריה: ילדים>הדר שסוגרת חג בבסיס המסוכן שלה,<קטגוריה: ילדים/> ואז הותר לפרסום.

ידעתי שנהרגו 4 חיילים בלילה, אבל לא ידעתי שאיתן קרלסברון ז״ל גר ברחוב הסמוך.
כשיצאתי להסיע את אורי לתנועת הנוער שלה,
בתזמון בלתי אפשרי שעבר בו האמבולנס והרכב שנושא את הארון,
כמו חיכתה לנו השיירה בפתח הרחוב שלנו.
מאות אנשים בטור אינסופי, מתרכזים בכיכרות ובצידי הדרך.
מחזיקים בידיהם דגלי ישראל גדולים ועצובים.
מהשכונה המבודדת שלנו עד בית העלמין בקצה השני של העיר.

<קטגוריה: נפש>בכיתי מיד.<קטגוריה: נפש/> <קטגוריה: ילדים>לא הצלחתי לעצור אפילו שחשבתי שזה לא נכון ליד אורי.<קטגוריה: ילדים/>
אבל אז, לאחר שהורדתי אותה הבנתי שזה היה רק הפרומו, 
<קטגוריה: נפש>ופרץ ממני הבכי האמיתי.<קטגוריה: נפש/>
<קטגוריה: נפש>התייפחתי ממש. אלוהים. זו היתה נסיעה בתוך שקט מצמית.<קטגוריה: נפש/>
<קטגוריה: נפש>כאב אינסופי.<קטגוריה: נפש/>
האוויר היה כבד כל כך, כאילו מילאו אותו באדי מים.
<קטגוריה: גוף>הקושי לנשום היה אמיתי. האויר הזה לא התאים לנשימה.<קטגוריה: גוף/>

כשעברתי בדרך חזור שוב ליד השלט הענק יחד ננצח,
חשבתי שיש דברים ששייכים לשישה באוקטובר,
ושיש דברים שכבר אי אפשר לדעת למה הם שייכים.
",,"נפש
גוף
זוגיות
ילדים
תעסוקה","בדידות
תסכול
עוצמה",,נפש,,,נפש,,,נפש,,,גוף,,,ילדים,,,גוף,,,,,,,,,,,,,
8,ללא כותרת, ירדן ירחי,"<רגש:בדידות>לוגיסטית אני מסתדרת. מה שגומר אותי זאת הבדידות.<רגש:בדידות/>
<קטגוריה: ילדים>הידיעה בערבים עם הילדים שאין מי שיבוא להציל אותי -
מה שיש לי זה כל מה שיש, אין ולא יהיו הפתעות.<קטגוריה: ילדים/>
אז סיימי את הערב הזה עם הכוחות שיש לך,
תדליקי מזגן על 21 וכנסי מתחת לפוך כי מחר אותו דבר!

היו כמה שירים שליוו אותי במלחמה.
התחלנו ביחד עם כולם עם יהיה טוב.
<קטגוריה: נפש>הייתה לי את התקופה של ""יש הרבה לאהוב, יותר מידי לאבד..
זכיתי שיש על מה לפחד"" -
שיר שהרגיע את הלב ברגעים של חרדה.<קטגוריה: נפש/>

<רגש:עייפות>היו את הימים של עורי עור (מולדת אהובה! כי אנחנו עייפים מאוד זקוקים למנוחה.
איזה בבקשה טריוויאלית הא? מנוחה!)<רגש:עייפות/>

אחר כך היו את הימים של ""אני בא הביתה מהלילה"" של דני רובס,
לפני השחרור מהסבב הראשון (אחרי 5 חודשים!!!)

ואז היו חודשיים מוזרים ביותר
<רגש:תסכול>שהסאונד העיקרי שליווה אותם הוא תקתוק שעון שסופר לי לאחור את הימים.<רגש:תסכול/>

<רגש:תסכול>היום (5 שבועות לתוך סבב ב) יש שקט.
אין לי עצבים לשירים.<רגש:תסכול/>
<קטגוריה: נפש>שואלים אותי מה שלומי אני עונה שמעדיפה לא להתעסק עם זה.<קטגוריה: נפש/>
מה שלומי? עבר עוד יום, וזה סבבה.

<רגש:תקווה>יודעת שיבואו ימים לשקם הכל.<רגש:תקווה/> עכשיו סותמת את האף וצוללת,
<קטגוריה: ילדים>מכינה פתיתים, מארגנת יום הולדת לילדה,
קונה לקטן חוברת צביעה של סמי הכבאי שהוא ביקש מזמן,<קטגוריה: ילדים/>
עושה קניות במכולת היקרה ליד הבית כי למי יש כוח ליסוע וגם למי אכפת.

<קטגוריה: זוגיות>והזוגיות, כפרה עליה. אין לי כוח אליה.
מפחדת להתרגל אליו, כשהוא מגיע מוצאת את עצמי שומרת מרחק,
נשארת בקונטרול, מפחדת. כשהוא עומד ללכת יורדת עלי עננה,
כמה פעמים אפשר לנהל פרידה אחרונה?
אחרי כל ביקור בבית? כל שיחת טלפון? די אינעל דינאק,
לתת משמעות לדברים זה קטע מתיש.<קטגוריה: זוגיות/>

מה עוד?
<רגש:בדידות>גיליתי שהתקופות בהן אני הכי זקוקה לחברות
הן בדיוק התקופות בהן אין לי את הכוחות שצריך כדי לתחזק חברויות.
והן הולכות ונשמטות ממני לאט. שוב הבדידות הזאת, סעמק.<רגש:בדידות/>

<רגש:בדידות>המשפט אם אין אני לי מי לי הוא אמת.
כשאני תולה תקוות באחרים אני בסוף הכי נדפקת.<רגש:בדידות/>
<רגש:חמלה>רחמים עצמיים זה סבבה, אני נעה עם הגלים וזה גם סבבה,
ולפעמים אפילו יש לי כוח ואני עושה דברים טובים וזה נעים!<רגש:חמלה/>

<רגש:תקווה>מה שמחזיק אותי בסופו של דבר זה רגשות פטריוטיים,<רגש:תקווה/>
למרות שמאוד קשה לאתר אותם כרגע
בתוך הבלאגן הפנימי שלי וזה החיצוני שהולך במדינה.
<רגש:תקווה>מזכירה לעצמי ולילדים למען מה אנחנו שם
ויודעת בעומק שאסתכל אחורה עוד שנים ואשמח שעשיתי את הדבר הנכון.<רגש:תקווה/>

זה לא סיכום, כי לא סיימנו,
זה סתם עוד אחד מהנוטס (אחד מהפחות מסווגים שלי).
זה לא סיכום כי לא נגמרה תקופה. זה רק עוד יום שעבר
וזאת רק אני שמחכה כבר להתחבר לבוקסה
ולשים את שיר אחרי מלחמה ולקוות לטוב.
",,"נפש
זוגיות
ילדים","בדידות
עייפות
חמלה
תסכול",מה שגומר אותי זאת הבדידות,נפש,,מפחדת להתרגל אליו,זוגיות,,כמה פעמים אפשר לנהל פרידה אחרונה,זוגיות,,,,,,,,,,,,,,,,,,,,,,
9,ללא כותרת,מאיה כץ הילבורג,"תכף שלושה חודשים. רבעון. 
אז מה היא בעצם עושה כל היום?
<קטגוריה: גוף>היא קובעת תור לרופאה (ועוד רופא ועוד רופאה)
מוציאה מרשם ואוספת תרופה<קטגוריה: גוף/>
משחדת בשוקולד, מבטיחה הפתעות
שולחת טפסים, מוציאה התחייבויות
<רגש:עייפות>מתעוררת בלילה שלוש פעמים<רגש:עייפות/>
כי עברו מטוסים
כי צריך להחליף
כי היו פספוסים
<רגש:עייפות>מתעוררת בבוקר מוקדם מכולם<רגש:עייפות/>
<קטגוריה: ילדים>מעירה מנשקת ומכינה כריכים לכולם
עוטפת מחברות
<רגש:אהבה>עוטפת במילים, 
עוטפת ברוך<רגש:אהבה/>
מסיעה בחזור, מסיעה בהלוך
מסיעה לבית הספר
לחוג
לחבר
עושה שיעורים ופרויקט, ומהר
ורגע לפני השכבה
היא לומדת להכתבה.<קטגוריה: ילדים/>
היא מכינה ארוחת בוקר וצהריים וערב
היא מכבסת ותולה ומקפלת כל גרב
היא בטלפון עם המורה ועם היועצת ועם המדריכה
היא מוציאה את הזבל
ואת הכלבה.
<קטגוריה: תעסוקה>היא עובדת במשרה מלאה
שעתיים של נסיעה
<קטגוריה: ילדים>וחוזרת בזמן 
לאסוף מהגן<קטגוריה: ילדים/>
ולהשלים שעות
בלילות.<קטגוריה: תעסוקה/>
היא נוסעת למשק לאסוף משלוח
<קטגוריה: תעסוקה>היא עונה במייל לאיזה לקוח<קטגוריה: תעסוקה/>
היא מכינה עוגה וספגטי ומקלפת תפוז
מעבירה על השיש סמרטוט חפוז.
<קטגוריה: ילדים>היא מחבקת כשלא ברור אם זה יירוט או רעם
שומעת שחבל שאבא לא פה 
כי הוא לא צועק אף פעם, 
<רגש:אהבה>ומקלחת וסיפור ועוד חיבוק ונשיקה<רגש:אהבה/>
ועוד סיפור ויאללה להיכנס כבר למיטה.<קטגוריה: ילדים/>
<רגש:בדידות>היא יושבת לבד מול החדשות
<קטגוריה: נפש>בוכה לבד מול בשורות קשות<קטגוריה: נפש/><רגש:בדידות/>
<רגש:אהבה>והיא יודעת שממש עוד מעט
הוא יחזור
וכולם יגידו ""איזה גיבור"".
(והוא באמת גיבור).<רגש:אהבה/>",,"נפש
גוף
ילדים
תעסוקה","עייפות
בדידות
אהבה",שומעת שחבל שאבא לא פה ,ילדים,,היא עובדת במשרה מלאה,תעסוקה,,מוציאה מרשם ואוספת תרופה,גוף,,בוכה לבד מול בשורות קשות,נפש,,,,,,,,,,,,,,,,,,,
10,רק מלחמה אם תבוא, חני קלנר נחום,"<קטגוריה: נפש>לא אשכח את <רגש:פחד>הרגע הזה המבעית<רגש:פחד/><קטגוריה: נפש/>
<קטגוריה: ילדים>בין הלידה לברית<קטגוריה: ילדים/>

כשחזרת לעזה אל המלחמה
<קטגוריה: נפש>והעזתי לשאול <רגש:פחד>בחשש ואימה<רגש:פחד/><קטגוריה: נפש/>

<קטגוריה: ילדים>אם משהו יקרה לך
<רגש:אהבה>תרצה שאקרא לו על שמך?<רגש:אהבה/><קטגוריה: ילדים/>",,"נפש
ילדים","פחד
אהבה",הרגע הזה המבעית,נפש,,תרצה שאקרא לו על שמך,ילדים,,,,,,,,,,,,,,,,,,,,,,,,,
11,ללא כותרת,מיטל פרשטמן יוגב,"ביום ראשון הקרוב האיש שלי ייצא לסבב שלישי של מילואים.
אומרים ״פעם שלישית גלידה״ - אבל הפעם הזאת, כמו האחרות, לא מתוקה בכלל. 
הוא ייצא למילואים ואפילו לא מהבית, אלא מהמלון,
כי המשפחה שלנו מפונה מהגליל העליון.
<קטגוריה:נפש>רכבת הרים של רגשות מציפה אותי כל החודשים האלה ועכשיו ביתר שאת.<קטגוריה:נפש/>
לוקחת נשימה - צריכה לאסוף את עצמי לקראת הבאות. 

<קטגוריה:זוגיות>בסוף הסבב הראשון קיבלתי אותו חזרה באהבה, בהתרגשות, שמחתי שחזר.
<רגש:גאווה>הייתי הכי גאה בו בעולם.<רגש:גאווה/><קטגוריה:זוגיות/>
הסבב השני נבלע בתוך החיים, השגרה,
או הניסיון לייצר שגרה כשהכל סביבנו אי ודאות אחת גדולה. 

<קטגוריה:זוגיות>בסוף הסבב השני, כשחזר, הייתי קרה ומרוחקת.
חברה אמרה שזה לוקח חודש וחצי עד שזה עובר.
חודש וחצי עבר ועדיין הסתכלתי על החפצים שלו כסרח עודף. 
כמה מקום אתה צריך פה? בחדר המלון שמייתמר להיות לנו בית.
<רגש:תסכול>לא הבנתי למה אני ככה ואיפה האהבה והגאווה?<רגש:תסכול/><קטגוריה:זוגיות/>

<קטגוריה:זוגיות>ואז הבנתי. אנחנו על זמן שאול.
הוא חזר כדי מתישהו ללכת שוב,
אז למה שאפנה לו מקום בלב שלי?
<רגש:בדידות>למה ששוב אתרגל ליחד המשפחתי שלנו
כשאני יודעת בתוכי שמתישהו אני שוב אשאר לבד?<רגש:בדידות/><קטגוריה:זוגיות/>

כשהגיע הצו השלישי, הבנתי שכנראה מתישהו בדרך <קטגוריה:זוגיות>משהו בי בכל זאת
התרכך אליו, חיבק אותו אליי חזרה, אחרת למה אני בוכה ובוכה וכואבת
והוא עוד פה לידי?<קטגוריה:זוגיות/>

והילדים שלנו. אני דואגת להם. נשארים איתי.
האמא המשוגעת. האמא שהיא כבר חצי עצמה.
<קטגוריה:ילדים>שאני רק נושמת והבן הצעיר שואל - ""אמא את בוכה?""
לא, מתוק שלי (ובלב אומרת - הפעם לא) אבל תוהה מה הוא שמע 
מהחדר האחר?
למה, אני שואלת אותו? ""חשבתי"" הוא עונה, וחוזר לשחק.<קטגוריה:ילדים/>

<קטגוריה:ילדים>הילדים שלי הם המילואים שלי. ואני נשבעת לעשות הכי טוב שאני יכולה.
לאהוב אותם. לנשום לפני שאני עונה. לצחוק אתם. להשתולל אתם.<קטגוריה:ילדים/>
<רגש:חמלה>ואנסה לסלוח לעצמי בכל פעם שלא אצליח. <רגש:חמלה/>
כנראה שגם בזה אכשל.
",,"נפש
זוגיות
ילדים","חמלה
גאווה
תסכול
בדידות",רכבת הרים של רגשות,נפש,,אז למה שאפנה לו מקום בלב שלי,זוגיות,,"כשחזר הייתי קרה ומרוחקת.
",זוגיות,,הילדים שלי הם המילואים שלי,ילדים,,,,,,,,,,,,,,,,,,,
12,ללא כותרת,בסמת לחיאני,"<קטגוריה:ילדים>נולדה לנו תינוקת
הוא לא כאן כל ההריון כמעט<קטגוריה:ילדים/>
<רגש:עוצמה>הלכתי לבד לבדיקות
לסקירות
הייתי לבד בכאבים בחששות<רגש:עוצמה/>
<קטגוריה:ילדים>למרות הפחדים הוא היה כאן בלידה ואפילו קצת אחריה<קטגוריה:ילדים/>
<קטגוריה:נפש>ושוב הלך אל הלא נודע
מחזיר את חרדת המוות שלי לפעולה <קטגוריה:נפש/>
<קטגוריה:זוגיות>במקום לחבק את החיים, הפלא שיצא מתוכי
אני נלחמת בו
תישאר
עוד קצת<קטגוריה:זוגיות/>

<קטגוריה:זוגיות>והוא אומר שהמדינה קוראת לו והוא לא יכול
להשאיר את החברים לבד<קטגוריה:זוגיות/>

<קטגוריה:זוגיות>ואותי? 
אותי כן?<קטגוריה:זוגיות/>

<קטגוריה:ילדים>את התינוקת שנולדה
והילדה שישנה<קטגוריה:ילדים/>
<רגש:תסכול>ואותי - למה אותי כן?<רגש:תסכול/>

<קטגוריה:זוגיות>וכל כך הרבה כעס
וצער
וכאב
נכנס בינינו<קטגוריה:זוגיות/>

בין יציאה ליציאה
בין סבב לסבב

<רגש:תסכול>והשקיפות שלי בעולם- נמשכת.<רגש:תסכול/>

<רגש:עוצמה>אני מנסה להחזיק בחיים ובטוב<רגש:עוצמה/>
<רגש:תסכול>אבל כמה עוד אפשר להחזיק? 
כשהסוף אפילו לא קרוב<רגש:תסכול/>",,"נפש
זוגיות
ילדים","תסכול
עוצמה",מחזיר את חרדת המוות שלי לפעולה ,נפש,,וכל כך הרבה כעס וצער וכאב נכנס בינינו,זוגיות,,למרות הפחדים הוא היה כאן בלידה,ילדים,,,,,,,,,,,,,,,,,,,,,,
13,גרושתו של צו 8,חמדת סלאי,"שלושה חודשים לתוך המלחמה אמרתי לרועי
שהחיים הקודמים שלנו כמשפחת קבע היו הכנה לרגע הזה ממש.
<רגש:עייפות>כל מעברי הדירה התכופים, ניהול היום-יום לבד,
החזקה של הילדים בגוף ובלב תוך כדי ניהול קריירה ובית -<רגש:עייפות/>
כל אלה היו הכנה לרגע אחד ב 8.10 בו נאלצתי לארוז את הילדים
ולעזוב את הבית שעל גבול הצפון.
ברקע קול ירי ארטילרי ושיירות טנקים, אבא כבר מגויס בצו 8.

אני מנסה לתאר את החיים כגרושה לצו 8 ביישוב קו עימות לא מפונה.
<רגש:עייפות>זאת מטריצה של התמודדויות מסתעפות -<רגש:עייפות/>
הבית לא מוגן, ואת מחזיקה גם את ההיעדרות של אבא,
וגם את האדמה שרועדת, תרתי משמע, תחת רגליי ילדייך.
האפטר שוק השלישי הוא סטטוס הגרושה, <קטגוריה:נפש><קטגוריה:תעסוקה>שמביא איתו עיוות רגשי וכלכלי נוסף.<קטגוריה:תעסוקה/><קטגוריה:נפש/>

<רגש:עייפות>אני רוצה לספר כמה מעייף זה לנדוד, להשתקע,
וגם לחזור לבית שבסופו של דבר לא פונה אבל נמצא באזור לחימה פעיל.
כבר 9 חודשים אני רק מאקלמת ילדים לחיים. לבד.<רגש:עייפות/>

<קטגוריה:ילדים>הבנים שלי לעומת זאת, למדו לזהות את עיוותי הבכי שלי ולבדוק
מה שלומי.
וזה מדהים! אבל זה לא התפקיד שלהם ומתי אוכל להתפנות ללב שלי?
ובאותה נשימה, להבין שהגרוש צריך אוורור
ולוותר לו על עוד יום עם הילדים בשביל שהוא יוכל לדאוג ללב שלו.<קטגוריה:ילדים/>

<קטגוריה:תעסוקה>רוצה לספר כמה מעט הצלחתי לקדם בעבודה שלי וכמה העול הכלכלי גדל.<קטגוריה:תעסוקה/>

<קטגוריה:נפש>אני רוצה לספר על התמהיל הרגשי של התקופה הזאת.
הוא לא אחיד. <רגש:עוצמה>לפעמים המראתי, מתאמצת ללמד את ילדיי שיעור
בהכנת לימונדה.<רגש:עוצמה/><קטגוריה:נפש/>
<קטגוריה:גוף>לפעמים התרסקתי כי אי הוודאות לא מרפה והעייפות כבר בלתי נסבלת.<קטגוריה:גוף/>

<רגש:תסכול>והשקיפות, הו השקיפות! הרי אני אפילו לא רעייתו של..
וככזאת, אני לא זכאית לשום הכרה ושום הטבה.
אפילו המשכורת מהצבא שנועדה לתמוך בצרכי המשפחה עוברת ישירות לחשבון המשרת.<רגש:תסכול/>
למזלי, זכיתי בשותף הגון, שמעביר לי את חלקי.
<רגש:תסכול>אז אני נאלצת לתמחר את עבודת האימהות שלי -
מי יכולה לתמחר את האימהות שלה? זה קורע לי את הלב והאגו.<רגש:תסכול/>
",,"נפש
גוף
ילדים
תעסוקה","עייפות
תסכול
עוצמה",הבנים למדו לזהות את עיוותי הבכי שלי,"ילדים
נפש",,כמה העול הכלכלי גדל,תעסוקה,,"מתאמצת ללמד את ילדיי שיעור בהכנת לימונדה
","נפש
ילדים",,לפעמים התרסקתי,"נפש
גוף",,,,,,,,,,,,,,,,,,,
14,בעצם זאת לא פעם ראשונה,חמדת סלאי,"בעצם זאת לא פעם ראשונה
 
שקמתי ללכת.
<קטגוריה:זוגיות>10 צעדים מפרידים בין הלב שלך ללב שלי<קטגוריה:זוגיות/>
<רגש:פחד>המוות תמיד עמד בנינו, כמו ידיעה בהירה ומפוכחת.<רגש:פחד/>
<קטגוריה:זוגיות><רגש:אהבה><רגש:פחד>המוות הלך איתנו למיטה וישב איתנו בדייט השבועי.<רגש:פחד/><רגש:אהבה/>
<רגש:אהבה>ובפעם הראשונה שעשינו אהבה<רגש:אהבה/>
המוות עמד איתנו מתחת לחופה חסר פנים או תאריך.<קטגוריה:זוגיות/>
 
בנינו חומות ביצורים, דוחקים אותו מסל האפשרויות המדוברות אבל
<רגש:פחד>המוות עמד בנינו כמו ידענו – לכל דבר יש סוף.<רגש:פחד/>
<קטגוריה:ילדים>אצל כל אחד מאיתנו כמה תרחישים – כשידפקו הקצינים בדלת אני
כבר יודעת
למי הטלפון הראשון, ואיך מספרת לבנים.<קטגוריה:ילדים/>
וכשהסוף שלנו בא, בכית. אני דווקא הייתי שלווה.
אור לבן הציף את החדר. גם אז היתה שבת.
<רגש:פחד>אל תטעה, פחד המוות שלך לופת אותי גם עכשיו.<רגש:פחד/>",,"זוגיות
ילדים","פחד
אהבה",המוות עמד איתנו מתחת לחופה חסר פנים או תאריך,נפש,,איך מספרת לבנים,ילדים,,10 צעדים מפרידים בין הלב שלך ללב שלי,זוגיות,,,,,,,,,,,,,,,,,,,,,,
15,ללא כותרת,שחר כרמי בסטקר,"<קטגוריה:גוף>לפעמים פשוט נגמר לי.
""תם הטקס"" מה שנקרא.
הגעתי לשרוף של האורז בתחתית הסיר.
הסוללה נגמרה, והמטען לא בנמצא.<קטגוריה:גוף/>
<קטגוריה:נפש>אין סבלנות, אין נשימה, אין הומור.
<רגש:תסכול>רק רוצה לסיים את היום,
או לפחות שתצמח סביבי בועת שקט<רגש:תסכול/>
שאין בה בכי או יללות-ילדים או צרכים דחופים של אחרים ממני.<קטגוריה:נפש/>

<רגש:תסכול>ואיך לא שמתי לב לפני?
שמתי לב!
האם ניסיתי להגן על עצמי (ועל הסביבה, יש לומר)
מהגעה לשרוף של הסיר שלי? כן.
בהתחלה ביקשתי, הנחתי גבול, אמרתי ""לא אפשרי כרגע"".
וככל שהגבול שלי לא נשמע, לא הוקשב, כך הוא הפך בוהק וזועק יותר.
הבקשה הופכת להדיפה, להרחקה, לרגישות יתר.<רגש:תסכול/>

<רגש:חמלה>האמת הפשוטה היא, שגם זה קורה. גם זה חלק ממני.
גם ""זוט אני"" כמו שנכתב בשיר המהולל.
גם זה אחד ממצבי הצבירה שלי.<רגש:חמלה/>
לא אוכל להמנע מזה לנצח,
<קטגוריה:גוף>לא אוכל תמיד לנצח במלחמת המשאבים הזו ולצאת מלאה.
לפעמים אני ריקה.<קטגוריה:גוף/>

<קטגוריה:נפש><רגש:חמלה>ושם, עם ה'אין' הזה, דווקא שם
אני מנסה
לאהוב אותי באמת.
לשים יד הלב,
לרכך את החוויה על ידי קבלה רדיקלית של עצמי כאן ועכשיו,
להגיד לעצמי (וגם לאחרים שמוכנים לשמוע)
שאני כרגע עושה את הכי טוב שלי<קטגוריה:נפש/>
גם אם הוא נראה לא הכי משהו כלפי חוץ, הוא ההכי הכי טוב שלי.
הקבלה הזו מחזירה אותי בדרך כלל לכבוד אלי,
לרגש טוב אלי, להתקרבות אלי ואז לאחרים.
אין דרך אחרת מאשר לאהוב את עצמנו אנושיים.
עם השרוף.<רגש:חמלה/>",,"נפש
גוף
","חמלה
תסכול",הגעתי לשרוף של האורז בתחתית הסיר,גוף,,לאהוב אותי באמת,נפש,,לפעמים אני ריקה,"גוף
נפש",,,,,,,,,,,,,,,,,,,,,,
16,ללא כותרת,שחר כרמי בסטקר,"<רגש:דאגה>יש ימים שאני שואלת אותך ""מה שלומך"" כל שעתיים בערך.
כאילו חלק בי נדלק כמו מכ""מ רגיש מנסה למפות אותך.<רגש:דאגה/>
בגלל העבודה שאתה עושה, בגלל ההחלטות הקשות,
בגלל העומס, בגלל הקצוות, בגלל השינויים,
בגלל המציאות ההזויה שלקחת על עצמך.

<רגש:דאגה>יש ימים שאני שואלת אותך עשר פעמים ""מה שלומך“<רגש:דאגה/>
וכל פעם פתוחה לשמוע משהו אחר.
משהו בין ""סביר"" - ל""עלהפנים"" - ל""אחלה"" - ל""יאללהשיגמר"" - ל""כרגיל"" -
לקישור לאיזו כותרת בחדשות שקשורה איכשהו אליך.
תמיד אני צריכה להשלים בראש את פרטי התשובה המלאה
כי בטלפון אתה לא יכול להסביר כלום.
<רגש:דאגה>אני מנסה להגיד לך ש""מה שלומך"" זה לא בגדר סוד צבאי,
אבל זה לא ממש עוזר לי.<רגש:דאגה/>
<קטגוריה:זוגיות>צריכה לחכות לדייט הקבוע שלנו בבוקר אחרי שאתה חוזר,
בקפה השכונתי כדי לשמוע הכל.
למרות שאין לי תשובות מלאות, ולמרות שאנחנו נלחמים בשתי
גזרות מקבילות, בשני עולמות מקבילים... 
אנחנו מנסים כל הזמן לשמור על איזה חוט דק מקשר,
כמו בין שתי קופסאות קוטג', כדי לא להיעלם אחת לשני.
כדי לא לאבד אחיזה.
כדי להצליח כל פעם לחזור מהר יותר לשיווי המשקל.<קטגוריה:זוגיות/>

אתה משתף במקסימום האפשרי איך עברה המשמרת ואיך ישנת בלילה,
ואני מנסה להתייעץ גם על דברים לא חשובים,
משתפת איך עבר הבוקר, הערב וכל הבין לבין.
זו אומנות שפיתחנו לצערנו במעל 320 יום של שגעת מילואים.
<רגש:גאווה>אבל אני גאה לומר שהאימונים השתלמו והיום באמת יותר קל.<רגש:גאווה/>
אבסורד לומר שהלא-הגיוני הפך הגיוני.
שההזוי הפך שפוי.

עוד מעט יסתיים הסבב הזה ושוב נצלול לשגרה שבה אנחנו אדונים לעצמנו,
ולא כבולים לשבצ""ק משמרות מלבד מי יוצא להתאמן בבוקר,
מי מפזר למסגרות, מי אוסף מחוגים.
הלו""ז יהיה פרוס לפנינו חופשי קדימה ויהיה אפשר לתכנן תכניות.
המדים יעלו שוב למדף העליון בארון.

<קטגוריה:נפש>היו ימים לא קלים בכלל, הרגשתי לגמרי את הקצה שלי.<קטגוריה:נפש/>
<קטגוריה:נפש><קטגוריה:ילדים>את הקצה של הילדים, בעיקר את של איילי שחייב מנת אבהות
יומית לנשמה.<קטגוריה:ילדים/>
הגענו לקצה האנרגיה, הסבלנות והנשימה.<קטגוריה:נפש/>
<קטגוריה:זוגיות>אבל הצלחנו גם להתמלא, והכי חשוב הצלחנו להיות בזה שותפים!<קטגוריה:זוגיות/>
<רגש:גאווה>גאה לומר שהאור בקצה הסבב השלישי נראה באופק ואנחנו חזקים מתמיד.
זו עבודה, אבל היא משתלמת.
אחושלוקי משתלמת.<רגש:גאווה/>
",320,"נפש
זוגיות
ילדים","גאווה
דאגה","כדי לא לאבד אחיזה
",זוגיות,,"הרגשתי לגמרי את הקצה שלי
","נפש
",,את הקצה של הילדים,ילדים,,הצלחנו להיות בזה שותפים,זוגיות,,,,,,,,,,,,,,,,,,,
17,ללא כותרת,שחר כרמי בסטקר,"רק האישה שבעורף תבין
שלקראת סבב מילואים את מתחילה לקנן.
משומה. ומסיבה ברורה בהחלט.
את הופכת בבת אחת (שוב) לעיקר הבית.
הבית זו המלחמה שלך.

מעיפה מלא ממה שלא צריך
צעצועים, ספרים, קערות.
ישר לחנות יד שניה.
בלי לעשות עצירת ביניים בוואטסאפ לשאול מי צריך.
יעילות זה שם המשחק.
רק האישה שבעורף תבין
שלקראת סבב מילואים
את מתחילה לעשב את הגינה בטירוף ולעשות קניות רגשיות במשתלה.
כאילו מי ישמע את הולכת לארח בגינה מינימום את המלכה.

רק האישה שבעורף תבין
שלקראת סבב מילואים
את פתאום קונה סט מצעים חדש 100% כותנה
כאילו זה יעשה את השינה באלכסון טובה יותר.
וגם עושה עצירת חירום באיזה מקסטוק רנדומלי לפרטי נוי חשובים,
כמו וואזה מעץ או סלסלה לנייר טואלט, להרמת האווירה בבית.
כאילו זה מרים למישהו מלבדך.

רק האחת שבעורף תבין
<קטגוריה:גוף>איך התזונה שלך כבר מבעוד מועד מתחילה להתקלקל והפינות
מתעגלות להן.
גם ככה תכף תרבות האכילה שלך תרד בכמה רמות
ואכילת שאריות ליד השיש תיחשב ארוחה סבירה בהחלט.<קטגוריה:גוף/>

רק האישה שבעורף תבין
<קטגוריה:נפש>שלקראת סבב מילואים את מתלבטת אם לחזור לטיפול,
מחפשת את המטפלת שלך בפייסבוק לוודא שהיא בארץ
וגם נרשמת אקראית לכל מיני הרצאות וסדנאות בזום
שיהיה ביומן בשבועות הקרובים, לא יזיק.<קטגוריה:נפש/>

רק האישה שבעורף תבין
<קטגוריה:נפש>שלפני סבב מילואים שלישי צפים ועולים כל הרגעים הדרמטיים של
הסבב הראשון,
וכל הימים הקשים מהסבב השני.<קטגוריה:נפש/>
את גם נזכרת פתאום בכל אלה שהיו שם לעזור,
שלא שאלו שאלות ופשוט עשו,
שהעניקו עד כדי כך שהביכו אותך ולא עניין אותם.
<רגש:עוצמה>את נזכרת שאת לא רק אלופה בלהסתדר, גם למדת לקבל עזרה!<רגש:עוצמה/>

<רגש:עוצמה>לקראת סבב שלישי את גם נזכרת בכוחות העל שהתגלו לך,
בארגז הכלים המלא שמחכה לך במחסן.<רגש:עוצמה/>
<קטגוריה:זוגיות>נזכרת בזה שאת לא באמת לבד,
כי יש לך אותך, את הילדים ואותו (גם אם מרחוק).<קטגוריה:זוגיות/>

<קטגוריה:זוגיות>אבל,
<רגש:בדידות>את גם נזכרת שאת בעצם קצת לבד.<רגש:בדידות/>
לישון באלכסון כבר נמאס,<קטגוריה:זוגיות/> לראות ""האנטומיה"" עונה 18 לבד כבר משעמם,
ולג'נגל חוגים בעצמך זה ה-סיוט (בעיקר בחורף).
<רגש:בדידות>את גם נזכרת שיש פלוסים ללבד הזה,
כי הממלכה חוזרת להיות שלך וכך גם החוקים והנהלים.
ואת מודה בלב שלפעמים ככה קל יותר.<רגש:בדידות/>

רק האישה שבעורף תבין
שלקראת סבב מילואים
<קטגוריה:גוף>את נכנסת בהדרגה שוב למצב שימור אנרגיה.<קטגוריה:גוף/>
הבחירות שלך נהיות מדויקות יותר.
את מי פוגשת, על מה מבזבזת זמן ועל מה לא. מה באמת חשוב.
את מתחילה כבר מראש להתגעגע -
לחברות שלך, למאמנת סטודיו שלך ולקוסמטיקאית.
<קטגוריה:גוף>את מתכוננת שוב לתקופה שבה את תהפכי קצת למכונת אדם,<קטגוריה:גוף/>
<קטגוריה:נפש>ואת מקווה שהפעם תצליחי קצת יותר להרגיש וקצת פחות לתפקד.
בזה הבנו כבר שאת מלכה, אז יאלללה סבב שלישי- הגיע הזמן
לשחרר קצוות.<קטגוריה:נפש/>
",,"נפש
גוף
זוגיות","עוצמה
בדידות","רק האחת שבעורף תבין
איך התזונה שלך כבר מבעוד מועד מתחילה להתקלקל והפינות מתעגלות להן.
גם ככה תכף תרבות האכילה שלך תרד בכמה רמות
ואכילת שאריות ליד השיש תיחשב ארוחה סבירה בהחלט.",גוף,,"רק האישה שבעורף תבין
שלקראת סבב מילואים את מתלבטת אם לחזור לטיפול,
מחפשת את המטפלת שלך בפייסבוק לוודא שהיא בארץ
וגם נרשמת אקראית לכל מיני הרצאות וסדנאות בזום
שיהיה ביומן בשבועות הקרובים, לא יזיק.",נפש,,"לקראת סבב שלישי את גם נזכרת בכוחות העל שהתגלו לך,
בארגז הכלים המלא שמחכה לך במחסן.
נזכרת בזה שאת לא באמת לבד,
כי יש לך אותך, את הילדים ואותו (גם אם מרחוק).","נפש
ילדים
זוגיות",,"רק האישה שבעורף תבין
שלפני סבב מילואים שלישי צפים ועולים כל הרגעים הדרמטיים של הסבב הראשון,
וכל הימים הקשים מהסבב השני.",נפש,,"אבל,
את גם נזכרת שאת בעצם קצת לבד.
לישון באלכסון כבר נמאס, לראות ""האנטומיה"" עונה 18 לבד כבר משעמם,
ולג'נגל חוגים בעצמך זה ה-סיוט (בעיקר בחורף).
את גם נזכרת שיש פלוסים ללבד הזה,
כי הממלכה חוזרת להיות שלך וכך גם החוקים והנהלים.
ואת מודה בלב שלפעמים ככה קל יותר.",זוגיות,,"את מתכוננת שוב לתקופה שבה את תהפכי קצת למכונת אדם,
ואת מקווה שהפעם תצליחי קצת יותר להרגיש וקצת פחות לתפקד.
בזה הבנו כבר שאת מלכה, אז יאלללה סבב שלישי- הגיע הזמן לשחרר קצוות.","נפש
גוף",,,,,,,,,,,,,
18,ללא כותרת,גולדי אליעש,"המילואים הראשונים היו ביוני הקודם, כשלולה היתה בת חצי שנה.
<קטגוריה:נפש><רגש:בדידות>כמה פחדתי להישאר לבד,<רגש:בדידות/> אמא צעירה ומפוחדת.
היום כשאני מסתכלת על זה, זה נראה בדיחה, אבל אז זה היה אתגר עצום.<קטגוריה:נפש/>

ארבעה חודשים אחר כך, שמחת תורה, מסוקים כל הבוקר מעל לראש בבית בנתיבות.
אזעקות ועוד אזעקות, ושמועות נוראיות.
אני משכנעת אותו לא לצאת.
״אתה לא מרגיש טוב, אין לך באמת אפשרות לעזור, מי יודע מה קורה בחוץ״.
עד היום יש את השתיקה הזאת כשנזכרים ביום ההוא.
מה באשמתי ומה בזכותי ומה היה קורה אילו.

<קטגוריה:נפש>ביום ראשון בבוקר יצאנו, עם אקדח שלוף ופחד מוות בלב.
ואז 4 חודשים של לבד.<קטגוריה:נפש/>
<קטגוריה:ילדים>כל ארבעת החודשים האלה לולה לא הצליחה לישון.
כל הרדמה היתה לוקחת שעות.<קטגוריה:ילדים/>
<קטגוריה:נפש>הרגשתי שכולם שופטים אותי, מאוכזבים ממני.
<רגש:עוצמה>ניסיתי להחזיק הכל<רגש:עוצמה/> והיה לי קשה מאד מאד מאד.<קטגוריה:נפש/>

<קטגוריה:נפש><רגש:בדידות>אין לי עוד כוחות נפשיים להיזכר בשבתות לבד.<רגש:בדידות/>
לחזור אחרי טבילה לבית ריק.<קטגוריה:נפש/>
<קטגוריה:זוגיות><קטגוריה:גוף>לעבור שבועיים בלי שנפגשנו ושהגוף שלי יבגוד בי ויקבל מחזור ביום
שהוא חוזר.<קטגוריה:גוף/><קטגוריה:זוגיות/>
בויכוחים האינסופיים עם בני הדודים החרדיים שלי.
אמירות קשות ניתזות לכל עבר, אני מחליטה לנתק איתם קשר.
משפחה היא יותר חשובה מהכל, אבל אני כבר לא מסוגלת.

<קטגוריה:ילדים>והמחירים השקופים שמלווים את חיינו:
כל פעם כשאנחנו נוסעים להורים שלי, לולה לא ישנה.
תינוקת בת שנה וחצי שסוחבת איתה טראומה של אבא נעלם
ואמא מפורקת.<קטגוריה:ילדים/>
<רגש:תסכול>הפער האדיר בלימודים שהוא צבר,
הנסיון להקדים עכשיו את המבחן הממשלתי כי יש עוד רגע שוב מילואים מעבר לפינה.
הוא בנקודת פתיחה חלשה יותר משאר הסטודנטים,
רק כי הגן על המדינה שלו. זה משגע אותי.<רגש:תסכול/>

עזרו לי. המשפחה, הקולגות בעבודה, השכנים. עזרו לי.
<רגש:בדידות>אבל אני רק רציתי שהוא יהיה בבית.<רגש:בדידות/>
<קטגוריה:נפש>שנאתי ועדיין שונאת את כל מה שמביא איתו להיות אני כשהוא במילואים:
חלשה, על סף קריסה, מכורה לחדשות, נבהלת מכל דפיקה בדלת,
מפחדת מהלילות, מנסה לעבוד בימים,<קטגוריה:נפש/><קטגוריה:זוגיות>חושבת עליו בגשם ובחמסין,<קטגוריה:זוגיות/>
<קטגוריה:ילדים><רגש:עוצמה>מנסה עבור לולה להיות בית וזוג הורים באישה אחת.<רגש:עוצמה/><קטגוריה:ילדים/>

על הצו הבא לא מדברים, לא חושבים, מי יודע מה יהיה מחר.
<רגש:עוצמה>אני מנסה לחיות את החיים היפים והארעיים שאחרי הסבב,
לבנות ולחזק את הקן הקטן שלי, שיהיה מוכן, למה שלא יגיע.<רגש:עוצמה/>
",,"נפש
גוף
זוגיות
ילדים","עוצמה
תסכול","כל ארבעת החודשים האלה לולה לא הצליחה לישון.
כל הרדמה היתה לוקחת שעות.",ילדים,,"שנאתי ועדיין שונאת את כל מה שמביא איתו להיות אני כשהוא במילואים:
חלשה, על סף קריסה, מכורה לחדשות, נבהלת מכל דפיקה בדלת,
מפחדת מהלילות, מנסה לעבוד בימים, חושבת עליו בגשם ובחמסין,
מנסה עבור לולה להיות בית וזוג הורים באישה אחת.","נפש
גוף",,"אין לי עוד כוחות נפשיים להיזכר בשבתות לבד.
לחזור אחרי טבילה לבית ריק.
לעבור שבועיים בלי שנפגשנו ושהגוף שלי יבגוד בי ויקבל מחזור ביום שהוא חוזר.","נפש
זוגיות",,"הרגשתי שכולם שופטים אותי, מאוכזבים ממני.
ניסיתי להחזיק הכל והיה לי קשה מאד מאד מאד.",נפש,,,,,,,,,,,,,,,,,,,
19,ללא כותרת,שיר פישמן,"תקשיב לי רגע,
אתה שומע אותי?
אתה.. שומע? יופי.
הבנתי שאתם רגילים לשמוע פגזים במקום בני אדם.
ולפעמים אתם מסתכלים לשמיים ומנסים להיזכר איזה יום היום.
שמעתי שכל דלת נעולה מקפיצה אתכם,
ושהרעש מרגיע ודווקא השקט הוא זה שמוזר.

אז שתדע שכשתגיע גם פה כלום לא יהיה אותו דבר.
<קטגוריה:ילדים>ואני פה ללמד אותך את הילד שלנו מחדש,
הוא כבר כמעט שנתיים בעולם והוא אוהב את הללי מהגן,
ואני מראה לו טלוויזיה והוא אוכל איזה 3 מעדנים ביום.
והוא למד לנשק אותי ולחבק, כי את זה אני צריכה המון.<קטגוריה:ילדים/>

<קטגוריה:זוגיות>ואני פה ללמד אותך על עצמי.<קטגוריה:זוגיות/>
אני ספר חדש באותה הכריכה. 
<קטגוריה:נפש>עיניים כחולות, חיוך לבן אבל <רגש:פחד>עם פחדים וחרדות עד אוזבקיסטן.<רגש:פחד/><קטגוריה:נפש/>

<קטגוריה:נפש>החלפתי עור. אני כבר לא פיל, אני משי דק דק.
אני נקרעת בקלות שתדע. 
בבקשה שתדע.
אני לא לביאה ולא נעליים,
<רגש:פחד>אני מתה מפחד והלב שלי נחצה לשניים<רגש:פחד/>
כל פעם
שרשום
הותר לפרסום
כל פעם
שמישהו ניגש אלי לאט ומסתכל עליי יותר מ4 שניות
כל פעם
שאמא או אבא שלך מתקשרים,
כל פעם
שמישהו מהפלוגה שלך מתקשר,
כל פעם
שאני רואה חיילים ברחוב.<קטגוריה:נפש/>

אני מייחסת את הכל אלי. הכל שייך אלי והכל עובר דרכי. 
<קטגוריה:נפש>עד שהגעת לשורה הזו אני כבר לא עור משי, אני בועה. 
בועת סבון שמתפוצצת אם לא נותנים לה מגע נכון.<קטגוריה:נפש/>

אתה שומע אותי? אני בהלם שיש לך עדיין קליטה.
<רגש:פחד>אל תחשוב שאני משוגעת
אם אני מדמיינת מקרים.
אני יודעת… באאארור לי שכלום לא יקרה,
נכון, אתה באמת הכי מקצועי שיש.<רגש:פחד/>
אבל תראה.
בעצם עזוב, אל תראה. תעצום עיניים.
<קטגוריה:זוגיות>אני פה, אני איתך, 
עד שתשוב לשם. אני פה. לבינתיים. 
תעצום את העיניים
אל תפתח 
נו.
<רגש:אהבה>ואני אוהבת אותך, וגם כשתחזור אני אוהב פי טריליון.
אתה השמש, הכוכבים, הפנסים ברחוב ועוד דברים שמאירים.<רגש:אהבה/><קטגוריה:זוגיות/>

אה ועוד משהו קטן. 
כשתחזור אין סיכוי בחיים שאני זו שאכבה את האורות בבית לפני שינה. 
זה הרגע השנוא עלינו ביום. נשים של חיילים, שרק צריכות עוד אור אחרון גם בסוף היום. 
פףףף… זהו. פרקתי חחחח.

הלו? 
אה לא שמעת עד עכשיו??
טוב לא משנה,  
מה אמרתי? לא לא משנה.
<רגש:אהבה>אמרתי שאני גם אוהבת אותך ושתשמור על עצמך<רגש:אהבה/> ושהכל פה טיל. אנחנו ממש בסדר.
נדבר בסוף שבוע הבא כשתצא. 
ביי נשיקות",,"נפש
זוגיות
ילדים
","פחד
אהבה","אז שתדע שכשתגיע גם פה כלום לא יהיה אותו דבר.
ואני פה ללמד אותך את הילד שלנו מחדש,
הוא כבר כמעט שנתיים בעולם והוא אוהב את הללי מהגן,
ואני מראה לו טלוויזיה והוא אוכל איזה 3 מעדנים ביום.
והוא למד לנשק אותי ולחבק, כי את זה אני צריכה המון.",ילדים,,"ואני פה ללמד אותך על עצמי. 
אני ספר חדש באותה הכריכה. 
עיניים כחולות, חיוך לבן אבל עם פחדים וחרדות עד אוזבקיסטן.","נפש
זוגיות",,"החלפתי עור. אני כבר לא פיל, אני משי דק דק.
אני נקרעת בקלות שתדע. 
בבקשה שתדע.
אני לא לביאה ולא נעליים,
אני מתה מפחד והלב שלי נחצה לשניים",נפש,,"אני מייחסת את הכל אלי. הכל שייך אלי והכל עובר דרכי. 
עד שהגעת לשורה הזו אני כבר לא עור משי, אני בועה. 
בועת סבון שמתפוצצת אם לא נותנים לה מגע נכון.",נפש,,"אני מתה מפחד והלב שלי נחצה לשניים
כל פעם
שרשום
הותר לפרסום
כל פעם
שמישהו ניגש אלי לאט ומסתכל עליי יותר מ4 שניות
כל פעם
שאמא או אבא שלך מתקשרים,
כל פעם
שמישהו מהפלוגה שלך מתקשר,
כל פעם
שאני רואה חיילים ברחוב.",נפש,,,,,,,,,,,,,,,,
20,ללא כותרת,אלכסנדרה לסטר,"280 ימי מילואים
280 ימי מלחמה
280 ימי ציפיה דרוכה לעסקה, להודעה שהמילואים הסתיימו, למשאלה שתסתיים המלחמה 
<קטגוריה:נפש>זה לא מספר ימים שאפשר לסכם אותו או לכתוב עליהם כי כל יום זו
סערה מתחדשת.<קטגוריה:נפש/>
אתמול משהו שאל אותי איך אני מסתדרת כל הזמן הזה?
גם הבן שלו נלחם בעזה מתחילת הלחימה.
הוא לא אשת מילואימניק הוא אבא שמת מפחד ואין לו אויר
<קטגוריה:נפש>אז אמרתי לו שגם אני בעיקר מנסה לנשום<קטגוריה:נפש/>
<רגש:עוצמה>רוקדת כשאפשר
נעזרת כשצריך
מפגינה 
מתפללת<רגש:עוצמה/>
<קטגוריה:גוף>ישנה מעט<קטגוריה:גוף/>
<קטגוריה:ילדים><רגש:עוצמה>מנסה לדאוג שיהיה נעים בבית בשביל הילדים<רגש:עוצמה/><קטגוריה:ילדים/>
<קטגוריה:גוף>למרות שאני על קצה מאגר הסבלנות ולא תמיד מצליחה
<רגש:עייפות>חיה בכזה מן בליל של שעות ימים ושבועות<רגש:עייפות/><קטגוריה:גוף/>
<קטגוריה:נפש><קטגוריה:זוגיות><רגש:דאגה>בדאגה פסיכית יומיומית 
לאיש האהוב שלנו ששם.<רגש:דאגה/> ללב שלו, לנפש שלו, לגוף שלו,<קטגוריה:זוגיות/><קטגוריה:נפש/>
<קטגוריה:ילדים>לאבא שהילדים ביקשו שאפתח להם תמונות שלו
שהם סוחבים בתיק של בית הספר <רגש:דאגה>למקרה שממש ידאגו פתאום או שוב
נורא יתגעגעו<רגש:דאגה/><קטגוריה:ילדים/>
שומעת את המסוקים בלילה מהמיטה, גם ביום,
בעבודה הטלויזיה פתוחה כל הזמן, ואני גוללת וגוללת מחפשת קצה חוט
<קטגוריה:נפש>חוטפת הותר לפרסום שוב ושוב ושוב ושוב ומתאבנת<קטגוריה:נפש/>
אני רואה את הבית שלי ממשיך ומשתנה והופך למשהו אחר,
דוהר ומתרחק ממני, עולה באש ומתפורר,
<קטגוריה:גוף><קטגוריה:נפש>אני מרגישה <רגש:עייפות>מובסת מותשת מיואשת כואבת ועצובה נורא<רגש:עייפות/>
כל הזמן כל הזמן<קטגוריה:נפש/><קטגוריה:גוף/>
280 ימים ואף לא טלפון אחד מצבא ההגנה לבדוק לשלומנו. אפילו לא אחד.
280 ימים, עוד שבוע עבר.",280,"נפש
גוף
זוגיות
ילדים","עייפות
עוצמה
דאגה","אמרתי לו שגם אני בעיקר מנסה לנשום
רוקדת כשאפשר
נעזרת כשצריך
מפגינה 
מתפללת
ישנה מעט","נפש
גוף",,"מנסה לדאוג שיהיה נעים בבית בשביל הילדים
למרות שאני על קצה מאגר הסבלנות ולא תמיד מצליחה",ילדים,,"חיה בכזה מן בליל של שעות ימים ושבועות
בדאגה פסיכית יומיומית 
לאיש האהוב שלנו ששם. ללב שלו, לנפש שלו, לגוף שלו","נפש
זוגיות",,"אני מרגישה מובסת מותשת מיואשת כואבת ועצובה נורא
כל הזמן כל הזמן",נפש,,,,,,,,,,,,,,,,,,,
21,ללא כותרת,גל רחמילביץ׳,"<קטגוריה:זוגיות><רגש:אהבה>רצינו להתחתן.<רגש:אהבה/>
האמת שהתחלנו לדבר על זה עוד לפני המלחמה, כשאמא שלי חלתה בסרטן, 
זה זירז כמה שיחות חשובות על פנינו לאן.<קטגוריה:זוגיות/>
<קטגוריה:נפש>בסבב הראשון עם פרוץ המלחמה גויסנו שנינו. 
בכלל לא יכולנו לחשוב על זה, לכולנו, לעם שלם היה קשה לנשום.<קטגוריה:נפש/>
<קטגוריה:זוגיות>שנה אחר כך, אחרי סבב שלישי, אחרי עסקת חטופים ואחרי המון שיחות ביננו
הבנו שחייבים לחזור מעט לחיות וכן,
שגם חייבים להמשיך בחיים לצד המאבק להחזרת החטופים. 
<רגש:אהבה>התארסנו.<רגש:אהבה/>
<רגש:תקווה>החלטנו שנתחתן שנה אחרי- כי עד אז כבר יחזרו כולם.<רגש:תקווה/>
ועכשיו הגיעה החתונה.
<רגש:אהבה>שנה נוספת חלפה ועומר גויס לסבב רביעי, ממש בחודש של החתונה.<רגש:אהבה/><קטגוריה:זוגיות/>
<קטגוריה:נפש>מישהו שם למעלה סידר לנו תזכורת למורכבות שבה אנחנו חיים פה. <קטגוריה:נפש/>
כלכך קיווינו שבחתונה שלנו לא נצטרך להזכיר את החטופים,
אבל נזכיר וגם <רגש:דאגה>מיד אחרי עומר יחזור להילחם,<רגש:דאגה/> <רגש:תקווה>בתקווה שהם פשוט ישובו הביתה.<רגש:תקווה/>",,"נפש
זוגיות","דאגה
אהבה
תקווה","רצינו להתחתן. 
האמת שהתחלנו לדבר על זה עוד לפני המלחמה...
בסבב הראשון עם פרוץ המלחמה גויסנו שנינו. 
בכלל לא יכולנו לחשוב על זה, לכולנו, לעם שלם היה קשה לנשום. ","זוגיות
נפש",,"שנה אחר כך, אחרי סבב שלישי, אחרי עסקת חטופים ואחרי המון שיחות ביננו
הבנו שחייבים לחזור מעט לחיות וכן,
שגם חייבים להמשיך בחיים לצד המאבק להחזרת החטופים. 
התארסנו. ",זוגיות,,"החלטנו שנתחתן שנה אחרי- כי עד אז כבר יחזרו כולם. 
ועכשיו הגיעה החתונה. 
שנה נוספת חלפה ועומר גויס לסבב רביעי, ממש בחודש של החתונה.
מישהו שם למעלה סידר לנו תזכורת למורכבות שבה אנחנו חיים פה. ",זוגיות,,,,,,,,,,,,,,,,,,,,,,
22,18.10.23,אנונימית,"<קטגוריה:נפש>כמעט לא בכיתי
זה מוזר
אני בוכה מהכל
אבל כמעט לא בכיתי
אני עוצרת את עצמי
אי אפשר להתפרק, לא עכשיו
אם אני אבכה, מי ינחם אותי?<קטגוריה:נפש/>
ואם ישאלו למה אני בוכה, איך אני בכלל אוכל
להסביר את המחשבות שלי?
האיך לא מתייחס לאיך אני אסביר או אתאר או אגיד
אלא לאיך אני יכולה?
<קטגוריה:נפש>איך אני אוכל להגיד בקול את המחשבות האלו?
<רגש:פחד>אני מפחדת שאם אני אגיד זה יהפוך לאמיתי<רגש:פחד/><קטגוריה:נפש/>
כאילו שאם אני שותקת אז זה לא יכול לקרות, זה רק בראש שלי
אני יודעת שכנראה כולנו חושבים את אותן מחשבות
אבל אף אחד לא יהיה הראשון שאומר
<רגש:פחד>זה מפחיד מדי, מציאותי מדי, משתק, לא נתפס<רגש:פחד/>
אז לא אומרים ולא בוכים ולא מתפרקים
ובכלל, למי הייתי בוכה ואומרת?
לאמא? לאבא? לרתם? כולן אפשרויות גרועות
<רגש:עוצמה>צריך לשמור על מורל גבוה ולחזק את הקרובים ואת החיילים.
אז אני לא בוכה, אני אבכה שייגמר או כשכבר לא 
יהיה אפשר להחזיק את הדמעות.<רגש:עוצמה/>
בינתיים אני נמנעת, אני לא שומעת שירים שיכולים לגרום לי לבכות,
<רגש:אהבה>אני לא קוראת כמעט סיפורים של הבנות זוג שאיבדו את האהובים שלהן,<רגש:אהבה/>
אני פשוט שמה מחסום.
<קטגוריה:נפש>הלב שלי כבד, זה מועקה שאף פעם לא היתה לי.
היא לא הולכת כבר 11 ימים.
<רגש:פחד>הכף יד שלי תכף תהיה עם סימנים כחולים
מרוב כמות הפעמים שדפקתי על חתיכת עץ ואז פלסטיק או כל חומר אחר
בכל פעם שמחשבה לא טובה רק התגנבה לי לראש.<רגש:פחד/>
בלילה זה עד שאני נרדמת,
כל חצי דקה אני דופקת.
שלוש פעמים כמו שצריך, ואז עוד, ליתר ביטחון.<קטגוריה:נפש/>
אם אין לי למי להתפלל אז לפחות אני אדפוק.
<קטגוריה:נפש><קטגוריה:גוף><רגש:עייפות>ואז אני נרדמת אבל לא באמת
אני חולמת על המלחמה.
אני קמה בבוקר מהשינה לא שינה ואומרת שחלמתי על מלחמה<רגש:עייפות/><קטגוריה:גוף/><קטגוריה:נפש/>
זה נשמע כל כך מנותק, זה לא רק בסרטים?
<רגש:פחד>מוזר לשמוע את המילה הזאת יוצאת לי מהפה.
מלחמה.
מוזר ומפחיד.
אחר.<רגש:פחד/>
אני רוצה שהמלחמה תגמר
<רגש:אהבה>אני רוצה שהם יחזרו בשלום
אני אוהבת אותם יותר מדי<רגש:אהבה/>
דפקתי שוב.
",,"נפש
גוף","אהבה
פחד
עייפות
עוצמה","כמעט לא בכיתי
זה מוזר
אני בוכה מהכל
אבל כמעט לא בכיתי
אני עוצרת את עצמי
אי אפשר להתפרק, לא עכשיו
אם אני אבכה, מי ינחם אותי?",נפש,,"איך אני אוכל להגיד בקול את המחשבות האלו?
אני מפחדת שאם אני אגיד זה יהפוך לאמיתי
כאילו שאם אני שותקת אז זה לא יכול לקרות, זה רק בראש שלי",נפש,,"הלב שלי כבד, זה מועקה שאף פעם לא היתה לי.
היא לא הולכת כבר 11 ימים.",נפש,,"הכף יד שלי תכף תהיה עם סימנים כחולים
מרוב כמות הפעמים שדפקתי על חתיכת עץ ואז פלסטיק או כל חומר אחר
בכל פעם שמחשבה לא טובה רק התגנבה לי לראש.
בלילה זה עד שאני נרדמת,
כל חצי דקה אני דופקת.
שלוש פעמים כמו שצריך, ואז עוד, ליתר ביטחון.",נפש,,"ואז אני נרדמת אבל לא באמת
אני חולמת על המלחמה.
אני קמה בבוקר מהשינה לא שינה ואומרת שחלמתי על מלחמה
זה נשמע כל כך מנותק, זה לא רק בסרטים?","נפש
גוף",,,,,,,,,,,,,,,,
23,ללא כותרת,מיקה,"האמת היא שאני לא מאמינה שכבר עברה שנה,
שנה מאז שהכל הפך להיות שונה ואחר,
<קטגוריה:נפש>שהכל מצד אחד קיבל פרופורציות מטורפות,
אבל גם קיבל נימה של עצב בכל דבר שקורה.
שנה שהחיוך כבר לא באמת אמיתי או שלם <רגש:דאגה>ויש דאגה שכל הזמן מרחפת,<רגש:דאגה/>
סוג של התפכחות ואיבוד תמימות כזה.<קטגוריה:נפש/>
מזה שהבית הפך להיות לא בטוח,
לזה שללכת למסיבה נהיה מוזר ואפילו לכך שבשנייה
אנשים קרובים פשוט הופכים להיות חיילים והולכים לקרב.
<קטגוריה:גוף><רגש:עייפות>לילות בלי שינה שיותם במילואים,<רגש:עייפות/><קטגוריה:גוף/>
סרטים של איזה שינוי מציאות ותפנית החיים פתאום קיבלו.
פתאום אנשים בגיל שלנו צריכים לשאת על הגב שלנו הכל,
<רגש:עוצמה>איכשהו נגזר עלינו לעודד את ההורים, הסבים והאחים הקטנים,
ולהיות במילואים ולהכיל גם מילואים של חברים בעזה,
סכנות חיים, להתמודד עם שכול של אנשים קרובים,
וכל הזמן להחזיק את הכל, פשוט להחזיק. <רגש:עוצמה/>

<קטגוריה:נפש>ככה אני מרגישה, 
<רגש:עוצמה>כאילו אני איכשהו צריכה להחזיק,<רגש:עוצמה/> והכל כמו מגדל שלאט לאט קורס,
<קטגוריה:גוף>כי מסביב כולם בבעיות נפשיות, או רפואיות שכמובן נובעות מהלחץ,<קטגוריה:גוף/>
וההצגה חייבת להימשך, אבל המוח בסטרס.<קטגוריה:נפש/>
<רגש:דאגה>יהיה עוד סבב בצפון? עוד הותר לפרסום? <קטגוריה:גוף><רגש:עייפות>עוד לילות בלי שינה?<רגש:עייפות/><קטגוריה:גוף/>
ומה יקרה עם החטופים? יחזירו כבר את החטופים?<רגש:דאגה/>
כי באמת אי אפשר להכיל את הסיטואציה הזו יותר,
<קטגוריה:נפש>זה כבר כל כך לא מתקבל לי במוח
שהמוח שלי פשוט לא מכיל את זה יותר, לא מקבל.<קטגוריה:נפש/>

לפעמים, אני מקנאה באנשים שהיו בחו״ל בשביעי
או לאנשים שלא הייתה להם אזעקה בשש וחצי והתעוררו באותו היום ביקיצה טבעית,
רק כי היו להם עוד כמה שעות של חסד ותום לפני שהכל השתנה.
עולם משוגע 
",,"נפש
גוף","עייפות
דאגה
עוצמה","האמת היא שאני לא מאמינה שכבר עברה שנה,
שנה מאז שהכל הפך להיות שונה ואחר,
שהכל מצד אחד קיבל פרופורציות מטורפות,
אבל גם קיבל נימה של עצב בכל דבר שקורה.",נפש,,"שנה שהחיוך כבר לא באמת אמיתי או שלם ויש דאגה שכל הזמן מרחפת,
סוג של התפכחות ואיבוד תמימות כזה.",נפש,,"ככה אני מרגישה, 
כאילו אני איכשהו צריכה להחזיק, והכל כמו מגדל שלאט לאט קורס,
כי מסביב כולם בבעיות נפשיות, או רפואיות שכמובן נובעות מהלחץ,
וההצגה חייבת להימשך, אבל המוח בסטרס.","נפש
גוף",,,,,,,,,,,,,,,,,,,,,,
24,ללא כותרת,אביה דנוך,"כמו כל יום כשרואים טלוויזיה רואים רק 3/4 מסך.
הרבע הנוסף מכוסה כרגיל בהתראות על אזעקות ברחבי הארץ, 
לא כאן,
אז החיים כאן ממשיכים ״כרגיל״.
לפעמים רעש פיצוץ שמרעיד את הבית, לפעמים מסוק שנוחת על סורוקה,
פיגוע נוסף, הותר לפרסום, התראות על המסך…
כרגיל.
<קטגוריה:נפש><קטגוריה:גוף>הדופק כבר לא עולה, וכשעולה מורידים.<קטגוריה:גוף/><קטגוריה:נפש/>
<רגש:תקווה>כי החיים ממשיכים ו״ביחד ננצח״ ולמען החוסן והמאבק הלאומי חייב לחזור לשגרה,
אז זו השגרה.<רגש:תקווה/>
<קטגוריה:נפש>לאלחש רגשות, לנרמל אסונות, לנתק מחשבות, להתעסק בזוטות.<קטגוריה:נפש/>
לימודים, מילואים, חברים, אירועים, כעסים, עניינים…
חיים.
<קטגוריה:גוף><רגש:פחד>ואז בלי הכנה אני שמה לב לשם הישוב במשבצת הכתומה.
שם אתה תופס עכשיו קו,
והדופק עולה.<קטגוריה:גוף/>
אז אני לוחצת על כפתור ועוברת מהזוטות לחדשות
ושומעת כמילים ראשונות ״דיווחים על פצועים״ והדופק כבר בתחרות עם עצמו.
ו״ביחד ננצח״ אבל אני פה לבד
<קטגוריה:גוף>מזיעה ומבוהלת ואין אף אחד<רגש:פחד/><קטגוריה:גוף/>
כי לרוב האחרים זו שגרה שגרתית, עוד שם ישוב בכתום בפינה הימנית.
<קטגוריה:גוף>והדופק גבוה, כמו שקורה פעם ב..<קטגוריה:גוף/>
<קטגוריה:נפש>למרות השגרה למרות האלחוש איך אפשר לשכוח באמת?
שהכל ככ רע ובכל זאת ״רגיל״? 
לא הצלחתי למצוא את הטריק או התרגיל 
שיעזור לי לתפקד באמת למרות שכולם מצפים
לחייך ולשמוח כשהכל מרוסק מבפנים.<קטגוריה:נפש/>
״ביחד ננצח״ ואני בכל זאת לבד
<רגש:פחד>ראש בסרטים ושלט רועד ביד
רואה כבר את הגרוע מכל 
בית חולים, מסוקים, מודיעים, הספדים…<רגש:פחד/>
ואז נזכרת 
בבוקר יצאת הביתה 
אתה כבר עמוק בתוך הכרית משלים שעות שינה של שבועיים בחדר הסמוך.
<קטגוריה:גוף>תודה לאל,
הדופק יורד.<קטגוריה:גוף/>
<קטגוריה:נפש><רגש:חמלה>ואז שוב עולה בי המחשבה הנוראית 
שבכל כל ״תודה לאל״ שלי
על מישהו אחר
בדיוק חרב עולמו…<רגש:חמלה/><קטגוריה:נפש/>
",,"נפש
גוף","פחד
תקווה
חמלה","לאלחש רגשות, לנרמל אסונות, לנתק מחשבות, להתעסק בזוטות.
לימודים, מילואים, חברים, אירועים, כעסים, עניינים…
חיים.",נפש,,"ואז בלי הכנה אני שמה לב לשם הישוב במשבצת הכתומה.
שם אתה תופס עכשיו קו,
והדופק עולה.",נפש,,"רואה כבר את הגרוע מכל 
בית חולים, מסוקים, מודיעים, הספדים…
ואז נזכרת 
בבוקר יצאת הביתה 
אתה כבר עמוק בתוך הכרית משלים שעות שינה של שבועיים בחדר הסמוך.",נפש,,"ואז שוב עולה בי המחשבה הנוראית 
שבכל כל ״תודה לאל״ שלי
על מישהו אחר
בדיוק חרב עולמו…",נפש,,,,,,,,,,,,,,,,,,,
25,ללא כותרת,גילי פרנקל,"הייתי 3 שנים לוחמת.
אכלתי בוץ ברמת הגולן ופודרה בשבטה.
המדים שלי היו עם כתמים של גריז שלא יורדים
ו90% מהשירות שלי התחלק בין שמירות למטבחים.

עשיתי 9 שנים מילואים.
הגעתי צעירה בין מבוגרים,
בדיוק באימון שעשו הסבה ממפות קשיחות למחשבים.
הכי נהנתי מהאנשים, מה״על האשים״, מהשקשוקות בבוקר,
מזה שאין שמירות ולא צריך להיות מדוגמים.

<קטגוריה:ילדים>חטפתי כאפה לפנים שברגע האמת,
אני האישה שבבית
עם הילדים הקטנים.<קטגוריה:ילדים/>

<רגש:עייפות>זאת שעושה שמירות ומטבחים כבר 71 ימים.
וגם כביסות,
קניות,
נקיונות,
שירותי הסעות,
צופה מס׳ 1 בהצגות שעולות בסלון 84794 פעמים ביום
והמלצרית שאומרת 3 פעמים מה בתפריט.<רגש:עייפות/>
זו שמפסידה במשחקים בשביל שלא תהיה פה דרמה,
<רגש:תסכול>וזאת שעונה על כל שאלות ה״למה?״
<קטגוריה:ילדים>למה אבא לא פה?<קטגוריה:ילדים/>
למה הולכים לממ״ד?
למה אין הצגות,
או טיולים?
למה יש דגלים?
ותמונות של אנשים מחייכים?
<קטגוריה:ילדים>איזה מזל שעידו עוד לא יודע לקרוא ״חטופים״.<קטגוריה:ילדים/><רגש:תסכול/>

<קטגוריה:נפש>אני אותה אחת מהנשים עם המדים השקופים,
מאלו שחוות עליות וירידות כל יום
<קטגוריה:ילדים>בין התמוטטות עצבים
לריקודים בסלון עם הילדים.<קטגוריה:ילדים/>
אותה אחת שבשנייה היחידה שאפשר רגע לנשום כשהם נרדמים,
פתאום הברזים נפתחים והדמעות יורדות
מהמצב בחוץ, מהמצב בפנים
אבל גאה בעצמי שעברתי עוד יום.<קטגוריה:נפש/>

<קטגוריה:ילדים>לפני כמה ימים שאלתי את עידו במעלית איזה אמא אני.
הוא ענה לי ״אמא שמחה״
<רגש:גאווה>והרגשתי שאני יכולה לשאת את המדים השקופים שלי
בגאווה<רגש:גאווה/> (יחד עם תינוק במנשא, שני תיקי גן, תיק לעבודה,
שקית אוכל, שקית זבל, מפתחות ומוצץ).<קטגוריה:ילדים/>

<רגש:עוצמה>הצלחתי בשמירה.<רגש:עוצמה/>

מוקדש לכל חברותי הלוחמות,
אלו שגם בלי תעודת לוחם 
",,"נפש
ילדים","גאווה
עוצמה
עייפות
תסכול","עשיתי 9 שנים מילואים.
הגעתי צעירה בין מבוגרים...
חטפתי כאפה לפנים שברגע האמת,
אני האישה שבבית
עם הילדים הקטנים.",ילדים,,"זאת שעושה שמירות ומטבחים כבר 71 ימים.
וגם כביסות,
קניות,
נקיונות,
שירותי הסעות,
צופה מס׳ 1 בהצגות שעולות בסלון 84794 פעמים ביום
והמלצרית שאומרת 3 פעמים מה בתפריט.","ילדים
גוף",,"אני אותה אחת מהנשים עם המדים השקופים,
מאלו שחוות עליות וירידות כל יום
בין התמוטטות עצבים
לריקודים בסלון עם הילדים.","נפש
ילדים",,"אותה אחת שבשנייה היחידה שאפשר רגע לנשום כשהם נרדמים,
פתאום הברזים נפתחים והדמעות יורדות
מהמצב בחוץ, מהמצב בפנים","נפש
",,"לפני כמה ימים שאלתי את עידו במעלית איזה אמא אני.
הוא ענה לי ״אמא שמחה״
והרגשתי שאני יכולה לשאת את המדים השקופים שלי
בגאווה (יחד עם תינוק במנשא, שני תיקי גן, תיק לעבודה,
שקית אוכל, שקית זבל, מפתחות ומוצץ).",ילדים,,,,,,,,,,,,,,,,
26,ללא כותרת, רינת הרשקו דוכובני,"ארץ נהדרת, גאונים כהרגלם, הוציאו את הקליפ על נשות הצו 8.
בין המחבתות, הרי הכביסה, הלוגיסטיקה והג'ינגולים
נשכח שם התפקיד המורכב והקשה מכולם- <קטגוריה:נפש>שמירה על ביטחון ושפיות בבית
שיחד עם כל המדינה עלה על רכבת הרים רגשית, <קטגוריה:זוגיות><רגש:בדידות>לבד, בלי החצי השני שלך.<רגש:בדידות/><קטגוריה:זוגיות/><קטגוריה:נפש/>
אז למרות שמשפיענית גדולה אני בטוח לא, מוסיפה את השנקל שלי.

<קטגוריה:ילדים><רגש:תסכול>להיות אישה בצו 8 זה אומר להמשיך לענות להם בסבלנות
כשהם שואלים שוב ושוב מתי אבא יבוא לביקור<רגש:תסכול/><קטגוריה:ילדים/>
(ולתהות האם זה כבר לגיטימי לשלוח שוב הודעה לרס""פ)

<קטגוריה:ילדים>להיות אישה בצו 8 זה אומר להיות שם לצידם ואיתם ברגרסיות
ולשמוע מהגננת שהילד האהוב שלך עצוב.<קטגוריה:ילדים/>

<קטגוריה:ילדים>להיות אישה בצו 8 זה אומר לחבק את הבן שלך
כשהוא מקנא בילדים האחרים שנכנסו עם האבות שלהם למים בחוג שחייה
ולענות לו בסבלנות כשהוא שואל למה אבא של x לא בצבא.<קטגוריה:ילדים/>

<קטגוריה:נפש><רגש:תסכול>להיות אישה בצו 8 זה לחוש אשמה כשקשה לך
כי אנחנו בימים מוטרפים כאלה שצריך “להגיד תודה ש..“<רגש:תסכול/><קטגוריה:נפש/>

<קטגוריה:ילדים>להיות אישה בצו 8 זה להרים שני ילדים ישנים<קטגוריה:ילדים/>
ולצרוח על הכלב שיכנס כבר לממד-לבד
(ולשחזר בראש שוב אם נעלת את הבית וסגרת כל פתח אפשרי)

<קטגוריה:ילדים>להיות אישה בצו 8 זה להיות שם בשביל הילד
שמשתף לפני השינה שהוא מפחד ש""הרשעים יהרגו את אבא""
<קטגוריה:נפש>(בזמן שכל רעש מקפיץ אותך לשמים כי אולי זה ה-דפיקה)<קטגוריה:נפש/><קטגוריה:ילדים/>

<קטגוריה:ילדים>להיות אישה בצו 8 זה לדקלם בע""פ את הסרטון שהוא שלח
לפני שנכנס שוב לעזה כי לראות אותו משמח את הילדים.<קטגוריה:ילדים/>

<קטגוריה:ילדים><קטגוריה:נפש><רגש:בדידות>להיות אישה בצו 8 זה להיות שם עבור הקטנים שנותרו גאים,
מתגעגעים, עצובים, מתוסכלים ובעיקר מבולבלים- לבד.<רגש:בדידות/><קטגוריה:נפש/><קטגוריה:ילדים/>

<קטגוריה:נפש><רגש:עוצמה>להיות אישה בצו 8 זה לחוש חרדה, אהבה, דאגה, אשמה, ציפייה,
תסכול, כעס, אכזבה, כאב, עצב, גאווה והכל בו זמנית
אבל לדחות את זה לאח""כ כדי להשאר פנויה בשבילם ולשמור על “שגרה“.<רגש:עוצמה/><קטגוריה:נפש/>

<רגש:תסכול>להיות אישה בצו 8 זה להיות רמטכ""לית של הבית
רק בלי שהתאמנתי לקראת המלחמה הזו<רגש:תסכול/>
(ותודה לסבים ולסבתות שהפכו תומכי לחימה והתגייסו יחד איתנו).

<קטגוריה:ילדים>להיות אישה בצו 8 זה להבין שלפני 104 ימים אבא יצא לשמור להם על הבית
<קטגוריה:נפש><רגש:אהבה>ואני נותרתי לשמור להם על הלב<רגש:אהבה/><קטגוריה:נפש/><קטגוריה:ילדים/>
",,"נפש
ילדים
זוגיות","בדידות
תסכול
אהבה
עוצמה","להיות אישה בצו 8 זה אומר להמשיך לענות להם בסבלנות
כשהם שואלים שוב ושוב מתי אבא יבוא לביקור",ילדים,,"להיות אישה בצו 8 זה אומר להיות שם לצידם ואיתם ברגרסיות
ולשמוע מהגננת שהילד האהוב שלך עצוב.",ילדים,,"להיות אישה בצו 8 זה אומר לחבק את הבן שלך
כשהוא מקנא בילדים האחרים שנכנסו עם האבות שלהם למים בחוג שחייה
ולענות לו בסבלנות כשהוא שואל למה אבא של x לא בצבא.",ילדים,,"להיות אישה בצו 8 זה לדקלם בע""פ את הסרטון שהוא שלח
לפני שנכנס שוב לעזה כי לראות אותו משמח את הילדים.","נפש
ילדים",,"להיות אישה בצו 8 זה לחוש חרדה, אהבה, דאגה, אשמה, ציפייה,
תסכול, כעס, אכזבה, כאב, עצב, גאווה והכל בו זמנית
אבל לדחות את זה לאח""כ כדי להשאר פנויה בשבילם ולשמור על ""שגרה"".","נפש
גוף
ילדים",,,,,,,,,,,,,,,,
27,ללא כותרת,אנונימית,"<קטגוריה:נפש><רגש:פחד>הרגע שאת מדמיינת את הדפיקה בדלת
את הפחד,<רגש:פחד/><קטגוריה:נפש/>
מתכננת איך תגיבי,
למי תתקשרי קודם
מה תאמרי ואיך.
<קטגוריה:ילדים>הרגע שאת חושבת איך הילדים יסתדרו, את מכירה אותם, הם הילדים
שלך-שלו
את הרי יודעת איך יגיבו, מה יצטרכו?<קטגוריה:ילדים/>

<קטגוריה:נפש>הרגע הזה שאת מחכה כבר שיתקשרו, שיגידו שנפצע, שיגמר כבר
הלחץ הזה.<קטגוריה:נפש/>
הרגע שאת מתלבטת, מה עדיף?
פגיעת ראש? קטיעת רגל?
<רגש:פחד>הרגע שאת מריצה בראש תמונות<רגש:פחד/>
אימא שלו בוכה בהיסטריה, אבא שלו פורק כמויות של אוכל,
מיטה ענקית, איש קטן,
צינורות.
את כל הזמן מתכננת מה תעשי שתהיה מוכנה לרגע האמת, לרגע הזה.
מתלבטת לקחת את התינוק, אולי לא מתאים?
בטח תצטרכי להיכנס לחדר הלם, לct ואולי ניתוח ארוך?
מה תינוק צריך את כל הלחץ הזה???
אבל הוא יונק, ולמי יש ראש לשאוב מחוץ לחדר הניתוח?
מצד שני את גם לא צריכה גודש ודלקת עכשיו...
הרגע שאת מריצה בראש,
באיזה חברות תוכלי להעזר.
את מריצה מריבות פוטנציליות עם בני משפחה בראש.
<קטגוריה:גוף><רגש:עייפות>את לא ישנה.
את לא הולכת לשון. 
את מתישה את עצמך ונרדמת.<רגש:עייפות/><קטגוריה:גוף/>
<רגש:תסכול>ועל הרגעים האלה, עם כל הרצון הטוב,
שום מענק או קרן סיוע לא יכולים לחפות.<רגש:תסכול/>
",,"נפש
גוף
ילדים","פחד
עייפות
תסכול","הרגע שאת מדמיינת את הדפיקה בדלת
את הפחד,
מתכננת איך תגיבי,
למי תתקשרי קודם
מה תאמרי ואיך.",נפש,,"הרגע שאת מתלבטת, מה עדיף?
פגיעת ראש? קטיעת רגל?",נפש,,"את לא ישנה.
את לא הולכת לישון. 
את מתישה את עצמך ונרדמת.",גוף,,,,,,,,,,,,,,,,,,,,,,
28,ללא כותרת, יעל ברשדסקי,"<קטגוריה:זוגיות><רגש:אהבה>אז היום זכיתי לפגוש את האהוב שלי אחרי ימים קשים
למשך שעתיים פשוט התנתקנו מהכל, דיברנו, התחבקנו,
צחקנו ופשוט נשמנו לרווחה אחד עם השניה<רגש:אהבה/><קטגוריה:זוגיות/>
אלה היו השעתיים הכי מושלמות שחוויתי בשבועיים האחרונים.
<קטגוריה:נפש>לא יכולה לתאר במילים בכלל את המצברים שהתמלאו לי בלב וגם אצלו<קטגוריה:נפש/>
<רגש:גאווה>מאמי תודה שאתה שומר עלינו ועל עצמך ועל החברים שאיתך!! 
תמשיכו לעשות את העבודה שלכם על הצד הטוב ביותר ובצורה הכי טובה שאפשר
הכי גאה שיש<רגש:גאווה/>",,"נפש
זוגיות","גאווה
אהבה","אז היום זכיתי לפגוש את האהוב שלי אחרי ימים קשים
למשך שעתיים פשוט התנתקנו מהכל, דיברנו, התחבקנו,
צחקנו ופשוט נשמנו לרווחה אחד עם השניה","נפש
זוגיות",,"מאמי תודה שאתה שומר עלינו ועל עצמך ועל החברים שאיתך!! 
תמשיכו לעשות את העבודה שלכם על הצד הטוב ביותר ובצורה הכי טובה שאפשר
הכי גאה שיש ",זוגיות,,"אלה היו השעתיים הכי מושלמות שחוויתי בשבועיים האחרונים.
לא יכולה לתאר במילים בכלל את המצברים שהתמלאו לי בלב וגם אצלו","נפש
זוגיות",,,,,,,,,,,,,,,,,,,,,,
29,זוגיות במילואים,עדיטל טיילר פרץ,"<קטגוריה:זוגיות><רגש:אהבה>יש משהו מאוד רומנטי בגעגוע ובמרחק.<רגש:אהבה/><קטגוריה:זוגיות/>
הסיטואציה מאוד החזירה אותנו לימי הצבא של תומר
וכשהיו לנו שעתיים פעם בכמה שבועות 
אז במלוא הנוכחות של שנינו (עם כוכבית לגבי 
מצב הרוח שתומר היה חוזר איתו).
עברנו את זה בטוב.
אולי כי הסיטואציה הכריחה אותי להעריך את ה״יש״, 
להוקיר את הנמצא ולא לקבל כמובן מאליו אף דקה שהוא בבית.
<קטגוריה:זוגיות><רגש:תסכול>אבל שלא תטעו, הסיטואציה הזו מביאה המון קשיים בנינו,
מעלה על השולחן שאלות שלא היינו צריכים להתמודד איתן עד עכשיו.
וזה גם היום מביא הרבה מתח הביתה.<רגש:תסכול/><קטגוריה:זוגיות/>",,זוגיות,"אהבה
תסכול","יש משהו מאוד רומנטי בגעגוע ובמרחק...
אבל שלא תטעו, הסיטואציה הזו מביאה המון קשיים בנינו,
מעלה על השולחן שאלות שלא היינו צריכים להתמודד איתן עד עכשיו.",זוגיות,,,,,,,,,,,,,,,,,,,,,,,,,,,,
30,ללא כותרת,עדן מלקוב לוי,"מתוך יומנה של האישה
שבן זוגה לא בבית
כי הוא מגן על המדינה 

<קטגוריה:נפש>אתמול היה לי מזעזע<קטגוריה:נפש/>
אני בבית וערן שם

ולא הפסקתי לחשוב
<רגש:דאגה>אני במקום בטוח, אבל מה איתו?
לי נעים וחם, אבל מה איתו?
אני שבעה, אבל מה איתו?<רגש:דאגה/>

<קטגוריה:גוף>הייתי אפטית ולא מצאתי אור
אין תיאבון
אין חשק לקום מהמיטה<קטגוריה:גוף/>
אין חשק לדבר עם אף אחד

אנשים שואלים אותי מה איתך
ואני לא יודעת מה לענות להם
כי אתה בקושי מנדב לי מידע
<רגש:תסכול>חוץ מזה שאתה לא ישן בלילות
אני לא יודעת כלום<רגש:תסכול/>

<רגש:דאגה>בימים האלה אני לא מאפשרת לעצמי להשבר
אם אהיה חלשה אני אחליש אותך
אם אשתף אותך בקושי שלי, אתה תדאג לי
וכרגע אתה חייב להתפנות רק ללשרוד<רגש:דאגה/>

<קטגוריה:נפש>אבל אני בחרא!
אני בחרא כי אני רואה מה קורה במדינה שלי
ואיך אנחנו מתפוררים נפשית
אני בחרא כי אני רואה את החוסר צדק בעולם
וזה מעצבן ומרתיח
<רגש:דאגה>אני בחרא כי אני דואגת לך<רגש:דאגה/><קטגוריה:נפש/>

<קטגוריה:זוגיות>אני רגילה להיות בחרא ושאתה כאן
ואז אני יכולה לבכות ולשחרר הכל
<רגש:תסכול>ופתאום אתה לא עמוד התווך שלי
ופתאום התפקיד התהפך
ואני צריכה להיות העוגן שלך<רגש:תסכול/>
כדי שתהיה שם במקסימום שלך<קטגוריה:זוגיות/>

<קטגוריה:זוגיות>בלב שלי אני רוצה להגיד לך
""יא משוגע תחזור כבר הביתה עזוב הכל
אני צריכה אותך איפה אתה אני רוצה להתפרק עליך
אני רוצה שתהיה פהההה ומה איתך תגיד אתה בסדר??
אתה יכול להגיד לי איפה אתה ואני אבוא להביא לך דברים ונשיקה“<קטגוריה:זוגיות/>

<רגש:דאגה>אבל אני יודעת שזה לא
מה שאתה צריך לשמוע עכשיו<רגש:דאגה/>

<קטגוריה:זוגיות>אז אני אוספת את עצמי וכותבת לך
<רגש:אהבה>""אני אוהבת אותך בייבי שלי<רגש:אהבה/>
<רגש:גאווה>ואני כל כך גאה בך!!! תרסקו אותם
שמחה שאתה שומר עלי<רגש:גאווה/>
<רגש:אהבה>שולחת לך כוח לעבור את הלילה
אתה החיים שלי
אני מתגעגעת
ואני מחזקת אותך
וסומכת עליך
מנשקת אותך""<רגש:אהבה/><קטגוריה:זוגיות/>

<קטגוריה:זוגיות><רגש:אהבה>שולחת לך את ההודעה עם לב שבור<רגש:אהבה/>
מחייגת אליך ואתה לא עונה<קטגוריה:זוגיות/>
",,"נפש
גוף
זוגיות","דאגה
גאווה
אהבה
תסכול","הייתי אפטית ולא מצאתי אור
אין תיאבון
אין חשק לקום מהמיטה
אין חשק לדבר עם אף אחד","נפש
גוף",,"אז אני אוספת את עצמי וכותבת לך
״אני אוהבת אותך בייבי שלי
ואני כל כך גאה בך!!!״...
שולחת לך את ההודעה עם לב שבור
מחייגת אליך ואתה לא עונה","נפש
זוגיות",,,,,,,,,,,,,,,,,,,,,,,,,
31,נועל׳ה,לירון פרייליך,"<קטגוריה:ילדים>נועל׳ה שלנו,
תקופה מטורפת בלשון המעטה עוברת עלינו כעם.
הלוואי ויכולנו לצבוע לך את העולם בצבע ורוד,
לקשט בנצנצים, לזרוק עוד איזה כמה פייטים בכדי שהרוב יהיה טוב…<קטגוריה:ילדים/>
אבל זה לא המצב.
יש מלחמה!
אנו נאבקים על קיומנו, זכותנו ואחדותנו.
<קטגוריה:ילדים>הרבה זמן זה רק את ואני כי אבא יצא להגן עלינו-
כשתגדלי, תביני.
אולי יום אחד תכעסי
ואולי תסלחי
ואולי בכלל תרצי להלך במסלול של אבא…<קטגוריה:ילדים/>
לפני הכל רצינו לבקש ממך סליחה-
<קטגוריה:ילדים><רגש:תסכול>סליחה ילדה שלנו על הרבה לילות בלי אבא בבית.<קטגוריה:ילדים/>
<קטגוריה:נפש>סליחה ילדה שלנו על הרבה ימים שלאמא לא היה כוח להכיל את
עצמה ואותך.
סליחה ילדה שלנו שבין קירות הבית הדהד בבקרים בכי קולני ובלילה
בכי חרישי.<רגש:תסכול/>
לו רק הכרית יכלה לדבר.<קטגוריה:נפש/>
<קטגוריה:ילדים>סליחה ילדה שלנו על הרבה שיחות וידאו עם אבא 
<רגש:תסכול>והבטחות בלי כיסוי שהנה הוא כבר בדרך הביתה.<רגש:תסכול/>
<רגש:תסכול>סליחה ילדה שלנו על כל בוקר שבו חווית מחדש פרידה אחרי סוף שבוע קצר
או אפטר.<רגש:תסכול/><קטגוריה:ילדים/>
<קטגוריה:ילדים><רגש:תסכול>סליחה ילדה שלנו על כל פעם שאמרת בבכי ש״נשבר לי הלב מאבא״ בזמן שאבא מתארגן,
לובש את המדים שובר את ליבך הקט ויוצא לעמוד על זכותנו.<רגש:תסכול/><קטגוריה:ילדים/>
<קטגוריה:ילדים>ילדה שלנו, בעיקר סליחה על גזל של תקופת תום ילדות<קטגוריה:ילדים/>
שאיש מאיתנו לא בחר בה והיא נכפתה עלינו, עלייך ועל ילדי ישראל
שלראשונה גם גיליתם את המונח ״הפקרות״ על כל רבדיה ומכאוביה.
<קטגוריה:ילדים><רגש:גאווה>אני ואבא כל כך גאים באדם הנפלא והמדהים שאת!<רגש:גאווה/>
תודה שידעת להיות גדולה מהחיים ואת רק בת רגע ל4<קטגוריה:ילדים/>
<רגש:גאווה>על שידעת לנשק אותנו, לחבק ברגעים שהיינו הכי זקוקים לכך
ולנחם ש״לא ינצחו אותנו כל כך מהר..״<רגש:גאווה/>
הלוואי שיכולנו להבטיח לך שכשתגדלי לא נזדקק יותר לצבא,
גם אם זו רק משאלת לב…
",,"נפש
ילדים","תסכול
גאווה","הלוואי ויכולנו לצבוע לך את העולם בצבע ורוד,
לקשט בנצנצים, לזרוק עוד איזה כמה פייטים בכדי שהרוב יהיה טוב…
אבל זה לא המצב.",ילדים,,סליחה ילדה שלנו על הרבה ימים שלאמא לא היה כוח להכיל את עצמה ואותך.,"נפש
ילדים",,"סליחה ילדה שלנו שבין קירות הבית הדהד בבקרים בכי קולני ובלילה בכי חרישי.
לו רק הכרית יכלה לדבר.","נפש
ילדים",,סליחה ילדה שלנו על כל בוקר שבו חווית מחדש פרידה אחרי סוף שבוע קצר או אפטר.,ילדים,,,,,,,,,,,,,,,,,,,
32,הזדכויות,תהילה אזולאי שאול ,"<קטגוריה:גוף><רגש:תקווה>לומדת לנשום מחדש<רגש:תקווה/>
מאשרת לחמצן להיכנס
להתרווח, להשתמש בכל חלקי הריאה
הראיה
<רגש:תקווה>להגיד לעיניים הוא כאן
להגיד לגוף שאפשר להרפות לתוך חיבוק
להרשות לשכמות לפעום מול בית התהודה הבטוח שבין הזרועות<רגש:תקווה/><קטגוריה:גוף/>
להגיד לידיים שהן לא צריכות לזכור
שגם מחר
<רגש:תקווה>לוחשת למצח שמתכרבל בין הכתף לאוזניים שהוא יכול להאמין שהריח של הביטחון יישאר
להחליק קמטים מלילה ארוך של דאגה.<רגש:תקווה/>

<קטגוריה:נפש><רגש:פחד>רק הלב עוד לא נרגע
תופי מלחמה מתמתמים את הלילות<רגש:פחד/>
חורטת על קירותיו מבפנים –
אם אשכחך<קטגוריה:נפש/>",,"נפש
גוף","תקווה
פחד","לומדת לנשום מחדש
מאשרת לחמצן להיכנס
להתרווח, להשתמש בכל חלקי הריאה","נפש
גוף",,"רק הלב עוד לא נרגע
תופי מלחמה מתמתמים את הלילות
חורטת על קירותיו מבפנים –
אם אשכחך",נפש,,,,,,,,,,,,,,,,,,,,,,,,,
33,ללא כותרת,אפרת זנטון,"אז ידענו שזה באמצע יוני
רק שתי מחלקות של אלכסנדרוני,
<רגש:עוצמה>סך הכל השלמנו עם זה כי –
אצלנו בבית ברור ש –
'הננו' ו‘הנני'.<רגש:עוצמה/>

לתומנו שיריינו יומיים
אילת, כנרת או מעיין שקט של מים,
<קטגוריה:זוגיות>רצינו יישור קו ותיאום ציפיות,
רגע של שקט להגיד מילים שממלאות.<קטגוריה:זוגיות/>

ופתאום היום, אאוט אוף נו וֶאר,
הוקדמה הפקודה והורחבה השורה,
לכל החטיבה.
<רגש:תסכול>היומיים ההם טבעו בים הציפיות,
ומהדהדות באלם המחשבות.<רגש:תסכול/>

<רגש:עוצמה>וברור ש'הננו' ו‘הנני'!<רגש:עוצמה/>
<קטגוריה:נפש><רגש:תסכול>אך מי יודע איך והאם, אחרי תמרון ספטמבר־אוגוסט־יולי־ויוני,
יישאר גם קצת ממני?<רגש:תסכול/><קטגוריה:נפש/>",,"נפש
זוגיות","תסכול
עוצמה","לתומנו שיריינו יומיים
אילת, כנרת או מעיין שקט של מים,
רצינו יישור קו ותיאום ציפיות,
רגע של שקט להגיד מילים שממלאות.","נפש
זוגיות",,"וברור ש'הננו' ו'הנני'!
אך מי יודע איך והאם, אחרי תמרון ספטמבר־אוגוסט־יולי־ויוני,
יישאר גם קצת ממני?",נפש,,,,,,,,,,,,,,,,,,,,,,,,,
34,ואם אשאר ערה,נגה הילה מותנה,"<רגש:תקווה><קטגוריה:גוף>ואם אשאר ערה
אולי הזמן יעבור<קטגוריה:גוף/>
ואז בלי שאשים לב,
<קטגוריה:זוגיות>אלי אתה כבר תחזור<קטגוריה:זוגיות/>
החיים יחזרו לסדרם,<רגש:תקווה/>
כאילו לא קרה כאן כלום
נישאר בחלום ישן,
שממנו לא נרצה לקום
בעולם שגרתי ופשוט
שם היינו משפחה רגילה
לא היה שום מצב קיצוני
לא הייתה שם בכלל מלחמה
לא היו חטופים וסיפורים כואבים
לא הותרו לפרסום חללים
היינו אנחנו, בשגרה די פשוטה
<קטגוריה:זוגיות><קטגוריה:ילדים><קטגוריה:תעסוקה>ילדים, עבודה, זוגיות – משפחה<קטגוריה:תעסוקה/><קטגוריה:ילדים/><קטגוריה:זוגיות/>
<קטגוריה:נפש>לא געגוע או חרדה
לא רגרסיה מהפרדה.<קטגוריה:נפש/>
<קטגוריה:זוגיות><רגש:תקווה>ואולי אם אחכה ערה כל הלילה הזמן יעבור לו מהר
ואתה שוב תופיע,
תחזור תחבק<קטגוריה:זוגיות/>
וכל הסיוט ייגמר<רגש:תקווה/>",,"נפש
גוף
זוגיות
ילדים
תעסוקה",תקווה,"ואם אשאר ערה
אולי הזמן יעבור
ואז בלי שאשים לב,
אלי אתה כבר תחזור",גוף,,"היינו אנחנו, בשגרה די פשוטה
ילדים, עבודה, זוגיות – משפחה
לא געגוע או חרדה
לא רגרסיה מהפרדה.","נפש
זוגיות
ילדים
תעסוקה",,,,,,,,,,,,,,,,,,,,,,,,,
35,די,נגה הילה מותנה,"<קטגוריה:נפש>ואולי כבר השתגעתי מכל המצב
מרגישה שזה מדרדר עם כל צו וצו
מרגישה שהלב נסדק ושאין לי מקום להכיל שום דבר ואף אחד
ושנמאס לי להעביר כל כך הרבה זמן לבד.<קטגוריה:נפש/>
<רגש:תסכול>אין חשק לכלום,
לפעמים מהמיטה לא מצליחה לקום
תחושה של ריק ודריכה במקום<רגש:תסכול/>
מרימה את עצמי מיום ליום.
<קטגוריה:גוף><רגש:עייפות>מרגישה שבכל סבב אני רק נשחקת וכוחותי אוזלים<רגש:עייפות/>
<רגש:תסכול>ונמאס לי לחפש בתוכי עוד משאבים.<רגש:תסכול/><קטגוריה:גוף/>
בא לי חיים רגילים ופשוטים
לריב על שטויות ודברים שטחיים.
אני מקנאה בכל אלו שעדיין תוהים
שיש מלחמה ויש מילואים...
אלה שטסים ויכולים לתכנן ולטייל
ואני במתח מתמיד שאצטרך לבטל
שהילדים שלי מקווים שלא יהיה פתאום צו שיעצור את התכניות
ושילדים אחרים פשוט יכולים לבלות.
<קטגוריה:נפש>נמאס לי להסתובב עם פרצוף עצוב
ולהגיד שהוקפצנו בהפתעה שוב.<קטגוריה:נפש/>
בא לי לפעמים להיעלם לעולם מקביל
בו הכול זורם ולא צריך כלום להכיל.",,"נפש
גוף","תסכול
עייפות","ואולי כבר השתגעתי מכל המצב
מרגישה שזה מדרדר עם כל צו וצו
מרגישה שהלב נסדק ושאין לי מקום להכיל שום דבר ואף אחד
ושנמאס לי להעביר כל כך הרבה זמן לבד.",נפש,,"מרגישה שבכל סבב אני רק נשחקת וכוחותי אוזלים
ונמאס לי לחפש בתוכי עוד משאבים.","נפש
גוף",,,,,,,,,,,,,,,,,,,,,,,,,
36,נחרדת,נגה הילה מותנה,"<קטגוריה:נפש><קטגוריה:גוף><רגש:פחד>פתאום המחשבה מגיעה לי לראש<רגש:פחד/>
והגוף מגיב ומחליט אותי לנטוש<קטגוריה:גוף/><קטגוריה:נפש/>
<קטגוריה:גוף>סחרחורות, אין אוויר, הכל מסתובב<קטגוריה:גוף/>
ואני מנסה שאף אחד לא ישים לב
מייצרת חיוך מאולץ לקטנה
נותנת חיבוק גדול ונשיקה
<קטגוריה:גוף>בתוך תוכי מרגישה חולשה
עוד רגע קורסת, נופלת לרצפה<קטגוריה:גוף/>
<רגש:פחד>המחשבות מציפות ורצים תסריטים<רגש:פחד/>
<קטגוריה:גוף>לא נושמת, רועדת, השרירים מתכווצים<קטגוריה:גוף/>
<קטגוריה:נפש>הנה היא שוב באה אותי לבקר
אותה חרדה עם אותו סימן היכר<קטגוריה:נפש/>
אני מזהה מתי היא מתחילה להתהוות
<קטגוריה:גוף>מנסה לנשום ולהרגיע את הרוחות
נושמת, שוהה, מתבוננת לה בעיניים
רגע מתמסרת לרעד בידיים<קטגוריה:גוף/>
<רגש:עוצמה>לא נאבקת, רק נוכחת איתה
יודעת שבעוד רגע תגיע הרגיעה
נושמת, מתרכזת במה שמסביבי
""אני כאן"", ""אני בטוחה"", ""אני בבית שלי“
נאחזת בידוע, במה שוודאי
נושמת, נושפת ולא נוטשת אותי
""זה בסדר"", ""אני בסדר"", ""עוד רגע זה נגמר""
ואני אל עצמי חוזרת, לפחות עד מחר.<רגש:עוצמה/>",,"נפש
גוף","עוצמה
פחד","פתאום המחשבה מגיעה לי לראש
והגוף מגיב ומחליט אותי לנטוש
סחרחורות, אין אוויר, הכל מסתובב
ואני מנסה שאף אחד לא ישים לב","נפש
גוף",,"בתוך תוכי מרגישה חולשה
עוד רגע קורסת, נופלת לרצפה
המחשבות מציפות ורצים תסריטים
לא נושמת, רועדת, השרירים מתכווצים","נפש
גוף",,,,,,,,,,,,,,,,,,,,,,,,,
37,יותר ביחד כשאנחנו לחוד,נגה הילה מותנה,"<רגש:אהבה>מרגישה שכשהוא שם
הפרפרים בבטן מתעוררים<רגש:אהבה/>
<רגש:תסכול>וכשהוא חוזר,
הם פתאום בורחים, מתעופפים<רגש:תסכול/>
<רגש:אהבה>כשהוא שם,
הגעגוע אליו כל כך חזק<רגש:אהבה/>
וכל שיחה מנכיחה את המרחק
<רגש:אהבה>יש כמיהה כמו זוג טרי בתחילת הקשר<רגש:אהבה/>
<רגש:תסכול>אבל כשהוא חוזר, הכעסים והסגירות מציפים את החדר<רגש:תסכול/>
<קטגוריה:זוגיות><רגש:תסכול>לפעמים אני מרגישה שכשהוא שם, בשדה הקרב
אנחנו יותר ביחד,
מאשר כשהוא כאן עכשיו.<רגש:תסכול/><קטגוריה:זוגיות/>",,זוגיות,"אהבה
תסכול","מרגישה שכשהוא שם
הפרפרים בבטן מתעוררים
וכשהוא חוזר,
הם פתאום בורחים, מתעופפים",זוגיות,,"הגעגוע אליו כל כך חזק
וכל שיחה מנכיחה את המרחק",זוגיות,,"אבל כשהוא חוזר, הכעסים והסגירות מציפים את החדר
לפעמים אני מרגישה שכשהוא שם, בשדה הקרב
אנחנו יותר ביחד,
מאשר כשהוא כאן עכשיו.",זוגיות,,,,,,,,,,,,,,,,,,,,,,
38,ושוב הוא יצא,נגה הילה מותנה,"<רגש:בדידות>ושוב אני לבד,
ושוב הבית ריק<רגש:בדידות/>
הוא יצא לאפטר,
אבל עם החברים הוא מתפרק
יש עכשיו משחק והוא איתם נמצא
<קטגוריה:זוגיות><רגש:בדידות>ואני כאן לבדי, יושבת בספה
מתמלאת בתוכי בכמיהה,<רגש:בדידות/>
מתי יחזור אותי לחבק?
ומרגישה פתאום נטושה כשהוא שם עם החברים מסתחבק<קטגוריה:זוגיות/>
זה לא זמן שגרה,
באפטר סופרים את השעות
הסופ""ש מתקרב,
ועוד מעט זה עומד לקרות
הוא יארוז את עצמו,
<רגש:בדידות>שוב ישנה פאזָה בתוכו
ואמצא את עצמי לבד,<רגש:בדידות/>
כשהוא מארגן את עצמו
<קטגוריה:זוגיות>מרגישה את הצורך החזק,
לשמור אותו רק לעצמי
ומתקשה לשחרר אותו
כי בא לי שיהיה רק איתי<קטגוריה:זוגיות/>
<רגש:חמלה>מבינה שיש לו צורך לפגוש כמה שיותר חברים
ולגמרי מפרגנת, באמת
מבחינתי חברים זה החיים
ועם זאת מחכה שיחזור ואותי חזק יחבק<רגש:חמלה/>
<קטגוריה:נפש>כי יותר מדי זמן מרגישה
שהלב שלי –
ריק.<קטגוריה:נפש/>",,"נפש
זוגיות","בדידות
חמלה","מתי יחזור אותי לחבק?
ומרגישה פתאום נטושה כשהוא שם עם החברים מסתחבק",זוגיות,,"כשהוא מארגן את עצמו
מרגישה את הצורך החזק,
לשמור אותו רק לעצמי
ומתקשה לשחרר אותו
כי בא לי שיהיה רק איתי",זוגיות,,"מחכה שיחזור ואותי חזק יחבק
כי יותר מדי זמן מרגישה
שהלב שלי –
ריק.","נפש
זוגיות",,,,,,,,,,,,,,,,,,,,,,
39,ללא כותרת,תשורה לוי ,"דברים שקורים לי כשאתה הולך
אני מנקה את כל הבית ואת חדר המדרגות בבניין - כולל.
אני מגרשת את היונים המטומטמות האלה מהעציץ שלך בחלון 
ופעם בשבוע אני נוסעת לעשות קניות שחייב.
אני מדברת הרבה מאוד, זזה מהר מאוד, ונהיית אישה חזקה כזאת ממש
<קטגוריה:נפש>ואישה חזקה לא צריכה אף אחד אף אחד בעולם היא לא צריכה
היא בסדר גמור היא בסדר ממש<קטגוריה:נפש/>
אני מדליקה את הטלוויזיה על כל מה שהוא לא חדשות
כשנמאס לי אני הולכת להתקלח.
מתחת למים אני נשרפת,
<קטגוריה:נפש>כשזה כואב אני בוכה.<קטגוריה:נפש/>

דברים שקורים לי כשאתה חוזר
אני הופכת להיות שקטה נורא
<קטגוריה:נפש><רגש:תסכול>קשה לי להסתכל בעיניים, <קטגוריה:זוגיות>ואני מאוד מנסה לשכוח שהלכת.<רגש:תסכול/><קטגוריה:זוגיות/><קטגוריה:נפש/>
אנחנו מתיישבים לאכול <קטגוריה:זוגיות>אתה פורש אליי את היד שלך ואני מורידה
אותה מהשולחן
הכאב מזמזם בינינו בטורדנות, וכל הגוף שלך נעלב.<קטגוריה:זוגיות/>
אני עושה כאילו שלא אכפת אז שנינו שותקים וכל אחד בוהה בסדרה שלו.
בדירה ממול הם רבים, הוא קורא לה בת זונה.
<קטגוריה:נפש><רגש:חמלה><קטגוריה:זוגיות>אתה מחבק אותי<קטגוריה:זוגיות/> כשאני סותמת אוזניים,<רגש:חמלה/>
ואז אני בוכה.<קטגוריה:נפש/>

דברים שקורים לי כשאתה כאן
אני מפזרת מלא חפצים בבית, ואני כמעט לא שוטפת כלים.
<קטגוריה:זוגיות>אתה כאן אז אני לא צריכה לעשות את זה.<קטגוריה:זוגיות/>
אני מפעילה מכונת כביסה כפול שתיים
אני מקשיבה לכל שיחת טלפון שאתה מקבל
רואה את הקסדה של האופניים שלך על הספה ואז על הכיסא ואז תלויה במקום.
אתה מתוח וישן עם הטלפון ליד הראש כל הלילה.
<קטגוריה:זוגיות>אני מפנה לך מקום זהיר בבית שלך,<קטגוריה:זוגיות/> ומנקה את כל הספרים שלך מאבק רך ודקיק.
כשנסענו לקפה בבוקר ירד גשם.
<קטגוריה:נפש>כשאתה בוכה
יש לי הקלה.<קטגוריה:נפש/>
",,"נפש
זוגיות","תסכול
חמלה","אני מדברת הרבה מאוד, זזה מהר מאוד, ונהיית אישה חזקה כזאת ממש
ואישה חזקה לא צריכה אף אחד אף אחד בעולם היא לא צריכה
היא בסדר גמור היא בסדר ממש","נפש
גוף",,"כשנמאס לי אני הולכת להתקלח.
מתחת למים אני נשרפת,
כשזה כואב אני בוכה.","נפש
גוף",,"קשה לי להסתכל בעיניים, ואני מאוד מנסה לשכוח שהלכת.
אנחנו מתיישבים לאכול אתה פורש אליי את היד שלך ואני מורידה אותה מהשולחן
הכאב מזמזם ביננו בטורדנות, וכל הגוף שלך נעלב.",זוגיות,,"אני מפנה לך מקום זהיר בבית שלך, ומנקה את כל הספרים שלך מאבק רך ודקיק.
כשנסענו לקפה בבוקר ירד גשם.
כשאתה בוכה
יש לי הקלה.",זוגיות,,,,,,,,,,,,,,,,,,,
40,ללא כותרת,טל קיסרי לוי,"מה התפקיד שלי היום?
<קטגוריה:ילדים>בימים רגילים אני יודעת שהתפקיד הכי חשוב שלי הוא אמא
אני חזקה ומחזיקה שומרת ומנסה להסביר את המציאות הבלתי נסבלת בה
אנו חיים
לנשמות הרכות והטהורות ששואלת שאלות כל כך נוקבות.<קטגוריה:ילדים/>
ולא אני לא לביאה פשוט אשת מילואים.

בימים רגילים, כן אחרי שנה וחצי זה כבר נהייתה השגרה,
אני אשת מילואימניק שבא והולך לתקופות ארוכות.
<רגש:גאווה>איש חזק שיוצא בגאווה גדולה כל פעם לבצע את משימת חיו להגן עלינו.<רגש:גאווה/>
לא הוא לא חייב, כן הוא מבין את כובד העול אבל השליחות חזקה מהכל.
<קטגוריה:זוגיות>בלילות אני מלטפת את הפנים שלו שהוא חורק שיניים,
ומוריד את היד שמתנופף מתוך חלום שאני לא יודעת מהו אבל חוזר
שוב ושוב.<קטגוריה:זוגיות/>
<קטגוריה:נפש><רגש:חמלה>אני רואה בין החזית של הכל טוב ובסדר בסדקים הקטנים את הכאב והעצב.<רגש:חמלה/><קטגוריה:נפש/>
<רגש:אהבה>אני יודעת שיש כל כך הרבה שהוא לא מספר כדי להגן עליי<רגש:אהבה/>
כי מה שהם עברו שם, מה שהם ראו, מה שהם הריחו ומה שהם איבדו זה מסע כבד מנשוא.
והוא חזק ולא נשבר כי השליחות גדולה מהכאב.

אבל ביום הזה שצריך לבחור איפה לעמוד בצפירה
כי יש יותר מדי קברים שהוא רוצה לעמוד לידם.
מה התפקיד שלי ביום הזה?
<קטגוריה:זוגיות><רגש:דאגה><רגש:תסכול>האם אני מתקשרת ושולחת הודעה כל כמה זמן לוודא שהוא בסדר?<רגש:דאגה/><קטגוריה:זוגיות/>
זה מחזק או מציק??<רגש:תסכול/>
<קטגוריה:זוגיות>האם אני נותנת לו את כל הזמן שבעולם עם האנשים
היחידים שבאמת מבינים אותו כי הם עברו איתם את התופת הזו?<קטגוריה:זוגיות/>
זה מתחשב או מתעלם???
<רגש:תסכול>האם לשאול שאלות קשות או פשוט לתת לשתיקה את המקום שלה.
זה מתעניין או מעלה זכרונות בלתי נסבלים?<רגש:תסכול/>
אני לא מתלוננת הוא בבית הוא בריא ושלם עד כמה שאפשר.
יש מי ששילם את המחיר הכבד מכל אבל הכאב שמפלח את הלב והנשמה
לא מתחשבים ולא מקשיבים להשוואות.
חגיגות עצמאות לא יהיו כי אין עצמאות כל עוד יש לנו אחים ואחיות שלא חזרו,
אין עצמאות שכל יום קוברים עוד עולם.
<רגש:תקווה>אבל עוד יהיה טוב כי אם זה תלוי בו ובחברים שלו<רגש:תקווה/>
הם יצאו להגן עלינו ויתמודדו עם המחיר בלי להתלונן,
בלי לבקש הנחות בלי לחשוב פעמים כי המשימה של העם שלנו מאז ומעולם.
אז אני לא יודעת מה התפקיד שלי היום
<קטגוריה:זוגיות><רגש:אהבה>אבל אני פשוט אהיה שם לכל מה שהוא יבקש.<רגש:אהבה/><קטגוריה:זוגיות/>
",,"נפש
זוגיות 
ילדים","אהבה
תקווה
דאגה
חמלה
תסכול
גאווה",לא אני לא לביאה פשוט אשת מילואים.,נפש,,"בלילות אני מלטפת את הפנים שלו שהוא חורק שיניים,
ומוריד את היד שמתנופף מתוך חלום שאני לא יודעת מהו אבל חוזר שוב ושוב.",זוגיות,,"אני לא מתלוננת הוא בבית הוא בריא ושלם עד כמה שאפשר.
יש מי ששילם את המחיר הכבד מכל אבל הכאב שמפלח את הלב והנשמה
לא מתחשבים ולא מקשיבים להשוואות.",נפש,,,,,,,,,,,,,,,,,,,,,,
41,ללא כותרת,נופר נוי קורן,"נוצר מן מרחב כזה,
<קטגוריה:זוגיות>שאני ממש רוצה שהוא יחזור
אבל זה גם לוקח ממני קצת אוויר<קטגוריה:זוגיות/>
אני אשמח שהוא יישן לידי כל לילה
<קטגוריה:ילדים>אבל מה עכשיו להעביר את הילדים הלוך חזור?<קטגוריה:ילדים/> שיישן על הספה וזהו
<קטגוריה:זוגיות>אתה פה? אתה לא פה? אתה חוזר מחר לעבודה? היום? עוד שבוע?
<רגש:תסכול>כבר לא יודעת איך לקרוא אותך
המחשבה על ההסתגלות, על שיח וזוגיות שצריך שוב לבנות ולפתח,
על ציפיות שלי, ציפיות שלו,<רגש:תסכול/><קטגוריה:זוגיות/>
<קטגוריה:ילדים>מה אני צריכה עכשיו להסביר לך? לתווך לך את הילדים?<קטגוריה:ילדים/>
להגיד לך מה אני חושבת? לבדוק אם אתה זוכר איך להשתמש במילים ברורות?
לבדוק מה אתה חושב?
<קטגוריה:נפש>הרי אני רק רוצה שקט, מרחב למחשבות,
מקום בו לא שואלים אותי מה אני צריכה -<קטגוריה:נפש/>
אלא שולחים הודעה ""את מקבלת פיצה היום לארוחת ערב אל דאגה""
<רגש:עייפות>מקום בו אני לא צריכה לחשב חישובים ולחשוב האם אני באמת צריכה עזרה
והאם זאת באמת העזרה שאני צריכה
והאם זה באמת בסדר לבקש, האם אני צריכה בשלישי או בחמישי
או אולי בעצם אני אכין חביתה וזהו, אלא פשוט לתת לעזרה להגיע<רגש:עייפות/>
נוצר בי מרחב כזה שבו תכלס אני מסתדרת,
<קטגוריה:זוגיות>הסתדרתי עכשיו 4 חודשים,
אז אם אתה רוצה לקחת אותם בבוקר אתה צריך לתאם איתי כי זה לא
בלוז מאמי,
<רגש:בדידות>אם אתה רוצה לתכנן משהו אתה חייב לבדוק מולי כי אני מחזיקה הכל הכל,
ורק אני,<רגש:בדידות/><קטגוריה:זוגיות/>
<קטגוריה:נפש><רגש:תקווה>ואולי מתישהו אני באמת אוכל לשחרר,<רגש:תקווה/>
אבל כרגע אני כולי לוז והחזקה,<קטגוריה:נפש/>
ואתה צריך להשתלב במרחב הזה,
ובתוכו לתת לי את הביטחון שאתה פה,
<קטגוריה:זוגיות><רגש:תקווה>ואז אולי אולי
אוכל באמת לשחרר מתישהו
להתרפק, להתאהב מחדש, לדבר במבטים, להשתבלל לתוך החיבוק,<רגש:תקווה/>
רגע לפני שהצו הבא יגיע
כמובן<קטגוריה:זוגיות/>",,"נפש
זוגיות
ילדים","תסכול
בדידות
תקווה","נוצר מן מרחב כזה,
שאני ממש רוצה שהוא יחזור
אבל זה גם לוקח ממני קצת אוויר","נפש
זוגיות",,"אתה פה? אתה לא פה? אתה חוזר מחר לעבודה? היום? עוד שבוע?
כבר לא יודעת איך לקרוא אותך
המחשבה על ההסתגלות, על שיח וזוגיות שצריך שוב לבנות ולפתח",זוגיות,,"ואז אולי אולי
אוכל באמת לשחרר מתישהו
להתרפק, להתאהב מחדש, לדבר במבטים, להשתבלל לתוך החיבוק,
רגע לפני שהצו הבא יגיע
כמובן",נפש,,"מה אני צריכה עכשיו להסביר לך? לתווך לך את הילדים?
להגיד לך מה אני חושבת? לבדוק אם אתה זוכר איך להשתמש במילים ברורות?
לבדוק מה אתה חושב?","זוגיות
ילדים",,,,,,,,,,,,,,,,,,,
42,ללא כותרת,נופר נוי קורן,"כן הוא פה גם לשבת
לא אין לו צפי סיום
כן זה מאוד כיף
<קטגוריה:נפש><רגש:פחד>כן זה גם מאוד מטלטל<רגש:פחד/> אבל אני לא יכולה להספיק להסביר את זה ברגע אחד<קטגוריה:נפש/>
לא הוא לא יכול להשתחרר
<קטגוריה:ילדים>כן הילדים מתגעגעים אליו המון<קטגוריה:ילדים/>
לא לא כולם הגיעו אצלם בצוות לסבב הזה ולא - הוא לא יכול להשתחרר עכשיו
לא אני לא יודעת מה בדיוק יעזור לי
כן ערימת שוקולד וטישו בהחלט יעזרו לי
<קטגוריה:זוגיות><רגש:פחד>לא אני ממש לא בטוחה לשלוח אותו שוב אחרי החדשות של היום<רגש:פחד/>
<רגש:גאווה>כן אני חזקה וגאה בו<רגש:גאווה/><קטגוריה:זוגיות/>
<קטגוריה:גוף><רגש:עייפות>כן אני מותשת ועייפה ושבורה כבר<רגש:עייפות/><קטגוריה:גוף/>
כן הוא ישן פה הרבה בלילות 
<קטגוריה:זוגיות>לא זה לא אומר שאני רואה אותו, זה רק אומר שאין לו אפטרים כמעט<קטגוריה:זוגיות/>
כן פיניתי את עצמי להורים לפני חודש
כן אני אשמח לארוחת ערב
כן ההורים שלי תומכים ועוזרים לי מאוד ואני יודעת שיש רבות שזה לא כך אצלן...
לא, אין צפי, אני גם לא חושבת על צפי,
<רגש:תקווה>אני רק רוצה שכולם יחזרו הביתה בשלום
ונשתקם
למשהו חדש<רגש:תקווה/>",,"נפש
גוף
זוגיות
ילדים","עייפות
תקווה
פחד
גאווה","כן זה מאוד כיף
כן זה גם מאוד מטלטל אבל אני לא יכולה להספיק להסביר את זה ברגע אחד ",נפש,,"לא הוא לא יכול להשתחרר
כן הילדים מתגעגעים אליו המון",ילדים,,"לא אני לא יודעת מה בדיוק יעזור לי
כן ערימת שוקולד וטישו בהחלט יעזרו לי",נפש,,"כן אני חזקה וגאה בו
כן אני מותשת ועייפה ושבורה כבר","נפש
זוגיות
גוף",,"כן הוא ישן פה הרבה בלילות 
לא זה לא אומר שאני רואה אותו, זה רק אומר שאין לו אפטרים כמעט",זוגיות,,,,,,,,,,,,,,,,
43,ללא כותרת,רז דגני,"<רגש:תסכול>שוב הודעה בשבת שצריך אותם שוב.
שוב שיחת סגל ב21:00.
שוב את עושה כלים בזמן שהוא עושה שיחות עדכון לכל החיילים.
שוב מוציאים את התיק שלו.
שוב הריח הזה של המילואים.
שוב סופרים שיש מספיק גרביים, תחתונים, חולצות.
שוב 2 סרבלים וסט מדים.<רגש:תסכול/>
<קטגוריה:זוגיות>שוב הוא שואל ״אז את תקחי אותי מחר?״ ואת שוב עונה ״ברור״.<קטגוריה:זוגיות/>
<קטגוריה:נפש>שוב את לא מצליחה להירדם כי בא לך לבכות.
שוב את מחזיקה את עצמך כי את לא יכולה… לא עכשיו… לא מולו.<קטגוריה:נפש/>
שוב קמים בבוקר.
שוב שעתיים נסיעה לרמת הגולן עם עצירה לקפה ביקנעם.
שוב לא הספקת להכין כלום אז קונים מעמולים ובאמצע הדרך
נזכרים ששכחנו לקחת את התמונות.
שוב מגיעים לבסיס.
<קטגוריה:נפש>שוב בא לך לבכות… לצרוח… לאיים… להתחנן… רק שלא יעזוב שוב.
שוב את מחזיקה את עצמך- כי גם ככה קשה לו.<קטגוריה:נפש/>
<קטגוריה:זוגיות><רגש:אהבה>שוב נשיקה ותמונה ועוד נשיקה.<רגש:אהבה/><קטגוריה:זוגיות/>
<קטגוריה:נפש>שוב בפנייה שמאלה לכביש 91 את מתפרקת- כל מה שלא יכולת להוציא עד
עכשיו יוצא.<קטגוריה:נפש/>
<קטגוריה:נפש>שוב את מתאפסת על עצמך כי זה מסוכן לנהוג בזמן שאת בוכה בהיסטריה.<קטגוריה:נפש/>
שוב את לא מבינה איך יכול להיות שהדרך חזרה הביתה לבד יותר ארוכה מהדרך הלוך ביחד.
<קטגוריה:נפש>שוב יש איזה שיר ברדיו ואת בוכה.
שוב את נזכרת שעכשיו את תהיי די לבד תקופה ואת בוכה.
שוב את קולטת שעוד רגע חג ואת שוב תהיי בו לבד כי הוא שוב במילואים
ואת בוכה.<קטגוריה:נפש/>
<רגש:פחד>ושוב חוזרים גם הפחדים והדאגות והלילות ללא שינה.<רגש:פחד/>
<קטגוריה:זוגיות>ושוב את כועסת כי זה פשוט לא הוגן כי רק עכשיו הוא חזר אליך,
רק התחלת להתרגל, והוא שוב הולך…<קטגוריה:זוגיות/>",,"נפש
זוגיות
","תסכול
פחד
אהבה",,,,,,,,,,,,,,,,,,,,,,,,,,,,,,
,ללא כותרת,רון מור יוסף,"היי שלוק,
מה שלומך? <רגש:דאגה>מקווה שאתה בטוב, אוכל כמו שצריך וישן כמו שצריך. 
שאתה דואג לעצמך ושומר על עצמך ועל הצוות. שאתה במצב רוח טוב ושהמורל גבוה.<רגש:דאגה/>
<קטגוריה:נפש>אני בסדר, ונמרי בסדר. <קטגוריה:זוגיות>אני מתגעגעת מאוד וחושבת עליך כל היום.<קטגוריה:נפש/>
<רגש:אהבה>אני שולחת לך אנרגיות טובות ומחבקת אותך מרחוק. <רגש:אהבה/><קטגוריה:זוגיות/>
<רגש:עוצמה>אני משתדלת להיות עסוקה בחמל, ולהיות עם משפחה וחברים.<רגש:עוצמה/>
<קטגוריה:זוגיות>מחכה כבר לחבק אותך מקרוב חזק חזק.<קטגוריה:זוגיות/>
נמר הכי מצחיקה, כולם אוהבים אותה. היא לקחה את השמיכות סלון עד הקומה למעלה, 
ואת הסווצרט האפור שלי שמה מתחת למיטה של ההורים. 
היא מקבלת את פני כל פעם שאני חוזרת הביתה עם יללה ובאה להתלטף.
אודי משקה לנו את הצמחים והיא ממש שמחה לעשות את זה בשבילנו. 
<רגש:גאווה>אני סומכת עליך ועל הצוות שאתם חזקים ויודעים מה אתם עושים. 
<קטגוריה:זוגיות>אני מתגעגעת מאוד וגאה בך מאוד.<רגש:גאווה/>
<רגש:אהבה>אני אוהבת אותך מאוד ומחכה שנחזור יחד לבית שלנו.<רגש:אהבה/><קטגוריה:זוגיות/>",,"נפש
זוגיות","דאגה
עוצמה
גאווה
אהבה",,,,,,,,,,,,,,,,,,,,,,,,,,,,,,
,ללא כותרת,תום שחר זהרי,"<קטגוריה:גוף>אם את לא מצליחה לישון,
תשאלי את עצמך אם זה בגלל הקפה ששתית אחר הצהרים, 
<רגש:בדידות>או בגלל שמשהו חסר במיטה לידך.<רגש:בדידות/><קטגוריה:גוף/>

<קטגוריה:נפש>אם את לא מצליחה לנשום,
תשאלי את עצמך אם זה בגלל שכל החלונות בבית סגורים, 
<רגש:פחד>או בגלל החרדות שהתיישבו לך בדיוק על נתיבי האוויר.<רגש:פחד/><קטגוריה:נפש/>

<קטגוריה:נפש>אם את לא מצליחה לחלום, 
תשאלי את עצמך אם זה בגלל שאת לא זוכרת חלומות, 
<רגש:עייפות>או שזה בגלל שאת כבר עייפה מדי מהטירוף שבחוץ.<רגש:עייפות/><קטגוריה:נפש/>

<קטגוריה:גוף>אם את לא מצליחה לדבר, 
תשאלי את עצמך אם זה בגלל שאין לך מה להגיד, 
או בגלל שהלחץ בחזה משאיר את המילים בפנים.<קטגוריה:גוף/>

<קטגוריה:נפש>אם את לא מצליחה לבכות, 
תשאלי את עצמך אם זה בגלל שאת לא עצובה, 
<רגש:פחד>או בגלל שאת מפחדת שאם תתחילי לא תצליחי להפסיק.<רגש:פחד/><קטגוריה:נפש/>

אם את לא מצליחה לחשוב, 
תשאלי את עצמך אם זה בגלל הרעש מסביב, 
<רגש:דאגה>או בגלל שהראש שלך טרוד מדי בלחכות כל היום לשיחת טלפון או הודעת טקסט שתרגיע.<רגש:דאגה/>

<קטגוריה:גוף><קטגוריה:נפש>אם את לא מצליחה לשתות, 
תשאלי את עצמך אם זה בגלל שאת לא צמאה, 
או בגלל שהדמעות שתקועות בגרון לא משאירות מקום לשום דבר אחר.<קטגוריה:נפש/><קטגוריה:גוף/>

<רגש:חמלה>ואם את לא מצליחה.
זה בסדר, מחר יום חדש. מחר תנסי הכל שוב.<רגש:חמלה/>",,"נפש
גוף
","חמלה
בדידות
עייפות
דאגה
פחד",,,,,,,,,,,,,,,,,,,,,,,,,,,,,,